Frame,Stick X,Stick Y,Button Mask,Buttons Pressed
0,0,0,0x8000,A
1,0,0,0x8000,A
2,0,0,0x8000,A
3,0,0,0x8000,A
4,0,0,0x8000,A
5,0,0,0x8000,A
6,0,0,0x8000,A
7,0,0,0x8000,A
8,0,0,0x8000,A
9,0,0,0x8000,A
10,0,0,0x8000,A
11,0,0,0x8000,A
12,0,0,0x8000,A
13,0,0,0x8000,A
14,0,0,0x8000,A
15,0,0,0x8000,A
16,0,0,0x8000,A
17,0,0,0x8000,A
18,0,0,0x8000,A
19,0,0,0x8000,A
20,0,0,0x8000,A
21,0,0,0x8000,A
22,0,0,0x8000,A
23,0,0,0x8000,A
24,0,0,0x8000,A
25,0,0,0x8000,A
26,0,0,0x8000,A
27,0,0,0x8000,A
28,0,0,0x8000,A
29,0,0,0x8000,A
30,0,0,0x8000,A
31,0,0,0x8000,A
32,0,0,0x8000,A
33,0,0,0x8000,A
34,0,0,0x8000,A
35,0,0,0x8000,A
36,0,0,0x8000,A
37,0,0,0x8000,A
38,0,0,0x8000,A
39,0,0,0x8000,A
40,0,0,0x8000,A
41,0,0,0x8000,A
42,0,0,0x8000,A
43,0,0,0x8000,A
44,0,0,0x8000,A
45,0,0,0x8000,A
46,0,0,0x8000,A
47,0,0,0x8000,A
48,0,0,0x8000,A
49,0,0,0x8000,A
50,0,0,0x8000,A
51,0,0,0x8000,A
52,0,0,0x8000,A
53,0,0,0x8000,A
54,0,0,0x8000,A
55,0,0,0x8000,A
56,0,0,0x8000,A
57,0,0,0x8000,A
58,0,0,0x8000,A
59,0,0,0x8000,A
60,0,0,0x8000,A
61,0,0,0x8000,A
62,0,0,0x8000,A
63,0,0,0x8000,A
64,0,0,0x8000,A
65,0,0,0x8000,A
66,0,0,0x8000,A
67,0,0,0x8000,A
68,0,0,0x8000,A
69,0,0,0x8000,A
70,0,0,0x8000,A
71,0,0,0x8000,A
72,0,0,0x8000,A
73,0,0,0x8000,A
74,0,0,0x8000,A
75,0,0,0x8000,A
76,0,0,0x8000,A
77,0,0,0x8000,A
78,0,0,0x8000,A
79,0,0,0x8000,A
80,0,0,0x8000,A
81,0,0,0x8000,A
82,0,0,0x8000,A
83,0,0,0x8000,A
84,0,0,0x8000,A
85,0,0,0x8000,A
86,0,0,0x8000,A
87,0,0,0x8000,A
88,0,0,0x8000,A
89,0,0,0x8000,A
90,0,0,0x8000,A
91,0,0,0x8000,A
92,0,0,0x8000,A
93,0,0,0x8000,A
94,0,0,0x8000,A
95,0,0,0x8000,A
96,0,0,0x8000,A
97,0,0,0x8000,A
98,0,0,0x8000,A
99,0,0,0x8000,A
100,0,0,0x8000,A
101,0,0,0x4000,B
102,0,0,0x4000,B
103,0,0,0x4000,B
104,0,0,0x4000,B
105,0,0,0x4000,B
106,0,0,0x4000,B
107,0,0,0x4000,B
108,0,0,0x4000,B
109,0,0,0x4000,B
110,0,0,0x4000,B
111,0,0,0x4000,B
112,0,0,0x4000,B
113,0,0,0x4000,B
114,0,0,0x4000,B
115,0,0,0x4000,B
116,0,0,0x4000,B
117,0,0,0x4000,B
118,0,0,0x4000,B
119,0,0,0x4000,B
120,0,0,0x4000,B
121,0,0,0x4000,B
122,0,0,0x4000,B
123,0,0,0x4000,B
124,0,0,0x4000,B
125,0,0,0x4000,B
126,0,0,0x4000,B
127,0,0,0x4000,B
128,0,0,0x4000,B
129,0,0,0x4000,B
130,0,0,0x4000,B
131,0,0,0x4000,B
132,0,0,0x4000,B
133,0,0,0x4000,B
134,0,0,0x4000,B
135,0,0,0x4000,B
136,0,0,0x4000,B
137,0,0,0x4000,B
138,0,0,0x4000,B
139,0,0,0x4000,B
140,0,0,0x4000,B
141,0,0,0x4000,B
142,0,0,0x4000,B
143,0,0,0x4000,B
144,0,0,0x4000,B
145,0,0,0x4000,B
146,0,0,0x4000,B
147,0,0,0x4000,B
148,0,0,0x4000,B
149,0,0,0x4000,B
150,0,0,0x4000,B
151,0,0,0x4000,B
152,0,0,0x4000,B
153,0,0,0x4000,B
154,0,0,0x4000,B
155,0,0,0x4000,B
156,0,0,0x4000,B
157,0,0,0x4000,B
158,0,0,0x4000,B
159,0,0,0x4000,B
160,0,0,0x4000,B
161,0,0,0x4000,B
162,0,0,0x4000,B
163,0,0,0x4000,B
164,0,0,0x4000,B
165,0,0,0x4000,B
166,0,0,0x4000,B
167,0,0,0x4000,B
168,0,0,0x4000,B
169,0,0,0x4000,B
170,0,0,0x4000,B
171,0,0,0x4000,B
172,0,0,0x4000,B
173,0,0,0x4000,B
174,0,0,0x4000,B
175,0,0,0x4000,B
176,0,0,0x4000,B
177,0,0,0x4000,B
178,0,0,0x4000,B
179,0,0,0x4000,B
180,0,0,0x4000,B
181,0,0,0x4000,B
182,0,0,0x4000,B
183,0,0,0x4000,B
184,0,0,0x4000,B
185,0,0,0x4000,B
186,0,0,0x4000,B
187,0,0,0x4000,B
188,0,0,0x4000,B
189,0,0,0x4000,B
190,0,0,0x4000,B
191,0,0,0x4000,B
192,0,0,0x4000,B
193,0,0,0x4000,B
194,0,0,0x4000,B
195,0,0,0x4000,B
196,0,0,0x4000,B
197,0,0,0x4000,B
198,0,0,0x4000,B
199,0,0,0x4000,B
200,0,0,0x4000,B
201,0,0,0x2000,Z
202,0,0,0x2000,Z
203,0,0,0x2000,Z
204,0,0,0x2000,Z
205,0,0,0x2000,Z
206,0,0,0x2000,Z
207,0,0,0x2000,Z
208,0,0,0x2000,Z
209,0,0,0x2000,Z
210,0,0,0x2000,Z
211,0,0,0x2000,Z
212,0,0,0x2000,Z
213,0,0,0x2000,Z
214,0,0,0x2000,Z
215,0,0,0x2000,Z
216,0,0,0x2000,Z
217,0,0,0x2000,Z
218,0,0,0x2000,Z
219,0,0,0x2000,Z
220,0,0,0x2000,Z
221,0,0,0x2000,Z
222,0,0,0x2000,Z
223,0,0,0x2000,Z
224,0,0,0x2000,Z
225,0,0,0x2000,Z
226,0,0,0x2000,Z
227,0,0,0x2000,Z
228,0,0,0x2000,Z
229,0,0,0x2000,Z
230,0,0,0x2000,Z
231,0,0,0x2000,Z
232,0,0,0x2000,Z
233,0,0,0x2000,Z
234,0,0,0x2000,Z
235,0,0,0x2000,Z
236,0,0,0x2000,Z
237,0,0,0x2000,Z
238,0,0,0x2000,Z
239,0,0,0x2000,Z
240,0,0,0x2000,Z
241,0,0,0x2000,Z
242,0,0,0x2000,Z
243,0,0,0x2000,Z
244,0,0,0x2000,Z
245,0,0,0x2000,Z
246,0,0,0x2000,Z
247,0,0,0x2000,Z
248,0,0,0x2000,Z
249,0,0,0x2000,Z
250,0,0,0x2000,Z
251,0,0,0x2000,Z
252,0,0,0x2000,Z
253,0,0,0x2000,Z
254,0,0,0x2000,Z
255,0,0,0x2000,Z
256,0,0,0x2000,Z
257,0,0,0x2000,Z
258,0,0,0x2000,Z
259,0,0,0x2000,Z
260,0,0,0x2000,Z
261,0,0,0x2000,Z
262,0,0,0x2000,Z
263,0,0,0x2000,Z
264,0,0,0x2000,Z
265,0,0,0x2000,Z
266,0,0,0x2000,Z
267,0,0,0x2000,Z
268,0,0,0x2000,Z
269,0,0,0x2000,Z
270,0,0,0x2000,Z
271,0,0,0x2000,Z
272,0,0,0x2000,Z
273,0,0,0x2000,Z
274,0,0,0x2000,Z
275,0,0,0x2000,Z
276,0,0,0x2000,Z
277,0,0,0x2000,Z
278,0,0,0x2000,Z
279,0,0,0x2000,Z
280,0,0,0x2000,Z
281,0,0,0x2000,Z
282,0,0,0x2000,Z
283,0,0,0x2000,Z
284,0,0,0x2000,Z
285,0,0,0x2000,Z
286,0,0,0x2000,Z
287,0,0,0x2000,Z
288,0,0,0x2000,Z
289,0,0,0x2000,Z
290,0,0,0x2000,Z
291,0,0,0x2000,Z
292,0,0,0x2000,Z
293,0,0,0x2000,Z
294,0,0,0x2000,Z
295,0,0,0x2000,Z
296,0,0,0x2000,Z
297,0,0,0x2000,Z
298,0,0,0x2000,Z
299,0,0,0x2000,Z
300,0,0,0x2000,Z
301,0,0,0x1000,Start
302,0,0,0x1000,Start
303,0,0,0x1000,Start
304,0,0,0x1000,Start
305,0,0,0x1000,Start
306,0,0,0x1000,Start
307,0,0,0x1000,Start
308,0,0,0x1000,Start
309,0,0,0x1000,Start
310,0,0,0x1000,Start
311,0,0,0x1000,Start
312,0,0,0x1000,Start
313,0,0,0x1000,Start
314,0,0,0x1000,Start
315,0,0,0x1000,Start
316,0,0,0x1000,Start
317,0,0,0x1000,Start
318,0,0,0x1000,Start
319,0,0,0x1000,Start
320,0,0,0x1000,Start
321,0,0,0x1000,Start
322,0,0,0x1000,Start
323,0,0,0x1000,Start
324,0,0,0x1000,Start
325,0,0,0x1000,Start
326,0,0,0x1000,Start
327,0,0,0x1000,Start
328,0,0,0x1000,Start
329,0,0,0x1000,Start
330,0,0,0x1000,Start
331,0,0,0x1000,Start
332,0,0,0x1000,Start
333,0,0,0x1000,Start
334,0,0,0x1000,Start
335,0,0,0x1000,Start
336,0,0,0x1000,Start
337,0,0,0x1000,Start
338,0,0,0x1000,Start
339,0,0,0x1000,Start
340,0,0,0x1000,Start
341,0,0,0x1000,Start
342,0,0,0x1000,Start
343,0,0,0x1000,Start
344,0,0,0x1000,Start
345,0,0,0x1000,Start
346,0,0,0x1000,Start
347,0,0,0x1000,Start
348,0,0,0x1000,Start
349,0,0,0x1000,Start
350,0,0,0x1000,Start
351,0,0,0x1000,Start
352,0,0,0x1000,Start
353,0,0,0x1000,Start
354,0,0,0x1000,Start
355,0,0,0x1000,Start
356,0,0,0x1000,Start
357,0,0,0x1000,Start
358,0,0,0x1000,Start
359,0,0,0x1000,Start
360,0,0,0x1000,Start
361,0,0,0x1000,Start
362,0,0,0x1000,Start
363,0,0,0x1000,Start
364,0,0,0x1000,Start
365,0,0,0x1000,Start
366,0,0,0x1000,Start
367,0,0,0x1000,Start
368,0,0,0x1000,Start
369,0,0,0x1000,Start
370,0,0,0x1000,Start
371,0,0,0x1000,Start
372,0,0,0x1000,Start
373,0,0,0x1000,Start
374,0,0,0x1000,Start
375,0,0,0x1000,Start
376,0,0,0x1000,Start
377,0,0,0x1000,Start
378,0,0,0x1000,Start
379,0,0,0x1000,Start
380,0,0,0x1000,Start
381,0,0,0x1000,Start
382,0,0,0x1000,Start
383,0,0,0x1000,Start
384,0,0,0x1000,Start
385,0,0,0x1000,Start
386,0,0,0x1000,Start
387,0,0,0x1000,Start
388,0,0,0x1000,Start
389,0,0,0x1000,Start
390,0,0,0x1000,Start
391,0,0,0x1000,Start
392,0,0,0x1000,Start
393,0,0,0x1000,Start
394,0,0,0x1000,Start
395,0,0,0x1000,Start
396,0,0,0x1000,Start
397,0,0,0x1000,Start
398,0,0,0x1000,Start
399,0,0,0x1000,Start
400,0,0,0x1000,Start
401,0,0,0x0800,D-Up
402,0,0,0x0800,D-Up
403,0,0,0x0800,D-Up
404,0,0,0x0800,D-Up
405,0,0,0x0800,D-Up
406,0,0,0x0800,D-Up
407,0,0,0x0800,D-Up
408,0,0,0x0800,D-Up
409,0,0,0x0800,D-Up
410,0,0,0x0800,D-Up
411,0,0,0x0800,D-Up
412,0,0,0x0800,D-Up
413,0,0,0x0800,D-Up
414,0,0,0x0800,D-Up
415,0,0,0x0800,D-Up
416,0,0,0x0800,D-Up
417,0,0,0x0800,D-Up
418,0,0,0x0800,D-Up
419,0,0,0x0800,D-Up
420,0,0,0x0800,D-Up
421,0,0,0x0800,D-Up
422,0,0,0x0800,D-Up
423,0,0,0x0800,D-Up
424,0,0,0x0800,D-Up
425,0,0,0x0800,D-Up
426,0,0,0x0800,D-Up
427,0,0,0x0800,D-Up
428,0,0,0x0800,D-Up
429,0,0,0x0800,D-Up
430,0,0,0x0800,D-Up
431,0,0,0x0800,D-Up
432,0,0,0x0800,D-Up
433,0,0,0x0800,D-Up
434,0,0,0x0800,D-Up
435,0,0,0x0800,D-Up
436,0,0,0x0800,D-Up
437,0,0,0x0800,D-Up
438,0,0,0x0800,D-Up
439,0,0,0x0800,D-Up
440,0,0,0x0800,D-Up
441,0,0,0x0800,D-Up
442,0,0,0x0800,D-Up
443,0,0,0x0800,D-Up
444,0,0,0x0800,D-Up
445,0,0,0x0800,D-Up
446,0,0,0x0800,D-Up
447,0,0,0x0800,D-Up
448,0,0,0x0800,D-Up
449,0,0,0x0800,D-Up
450,0,0,0x0800,D-Up
451,0,0,0x0800,D-Up
452,0,0,0x0800,D-Up
453,0,0,0x0800,D-Up
454,0,0,0x0800,D-Up
455,0,0,0x0800,D-Up
456,0,0,0x0800,D-Up
457,0,0,0x0800,D-Up
458,0,0,0x0800,D-Up
459,0,0,0x0800,D-Up
460,0,0,0x0800,D-Up
461,0,0,0x0800,D-Up
462,0,0,0x0800,D-Up
463,0,0,0x0800,D-Up
464,0,0,0x0800,D-Up
465,0,0,0x0800,D-Up
466,0,0,0x0800,D-Up
467,0,0,0x0800,D-Up
468,0,0,0x0800,D-Up
469,0,0,0x0800,D-Up
470,0,0,0x0800,D-Up
471,0,0,0x0800,D-Up
472,0,0,0x0800,D-Up
473,0,0,0x0800,D-Up
474,0,0,0x0800,D-Up
475,0,0,0x0800,D-Up
476,0,0,0x0800,D-Up
477,0,0,0x0800,D-Up
478,0,0,0x0800,D-Up
479,0,0,0x0800,D-Up
480,0,0,0x0800,D-Up
481,0,0,0x0800,D-Up
482,0,0,0x0800,D-Up
483,0,0,0x0800,D-Up
484,0,0,0x0800,D-Up
485,0,0,0x0800,D-Up
486,0,0,0x0800,D-Up
487,0,0,0x0800,D-Up
488,0,0,0x0800,D-Up
489,0,0,0x0800,D-Up
490,0,0,0x0800,D-Up
491,0,0,0x0800,D-Up
492,0,0,0x0800,D-Up
493,0,0,0x0800,D-Up
494,0,0,0x0800,D-Up
495,0,0,0x0800,D-Up
496,0,0,0x0800,D-Up
497,0,0,0x0800,D-Up
498,0,0,0x0800,D-Up
499,0,0,0x0800,D-Up
500,0,0,0x0800,D-Up
501,0,0,0x0400,D-Down
502,0,0,0x0400,D-Down
503,0,0,0x0400,D-Down
504,0,0,0x0400,D-Down
505,0,0,0x0400,D-Down
506,0,0,0x0400,D-Down
507,0,0,0x0400,D-Down
508,0,0,0x0400,D-Down
509,0,0,0x0400,D-Down
510,0,0,0x0400,D-Down
511,0,0,0x0400,D-Down
512,0,0,0x0400,D-Down
513,0,0,0x0400,D-Down
514,0,0,0x0400,D-Down
515,0,0,0x0400,D-Down
516,0,0,0x0400,D-Down
517,0,0,0x0400,D-Down
518,0,0,0x0400,D-Down
519,0,0,0x0400,D-Down
520,0,0,0x0400,D-Down
521,0,0,0x0400,D-Down
522,0,0,0x0400,D-Down
523,0,0,0x0400,D-Down
524,0,0,0x0400,D-Down
525,0,0,0x0400,D-Down
526,0,0,0x0400,D-Down
527,0,0,0x0400,D-Down
528,0,0,0x0400,D-Down
529,0,0,0x0400,D-Down
530,0,0,0x0400,D-Down
531,0,0,0x0400,D-Down
532,0,0,0x0400,D-Down
533,0,0,0x0400,D-Down
534,0,0,0x0400,D-Down
535,0,0,0x0400,D-Down
536,0,0,0x0400,D-Down
537,0,0,0x0400,D-Down
538,0,0,0x0400,D-Down
539,0,0,0x0400,D-Down
540,0,0,0x0400,D-Down
541,0,0,0x0400,D-Down
542,0,0,0x0400,D-Down
543,0,0,0x0400,D-Down
544,0,0,0x0400,D-Down
545,0,0,0x0400,D-Down
546,0,0,0x0400,D-Down
547,0,0,0x0400,D-Down
548,0,0,0x0400,D-Down
549,0,0,0x0400,D-Down
550,0,0,0x0400,D-Down
551,0,0,0x0400,D-Down
552,0,0,0x0400,D-Down
553,0,0,0x0400,D-Down
554,0,0,0x0400,D-Down
555,0,0,0x0400,D-Down
556,0,0,0x0400,D-Down
557,0,0,0x0400,D-Down
558,0,0,0x0400,D-Down
559,0,0,0x0400,D-Down
560,0,0,0x0400,D-Down
561,0,0,0x0400,D-Down
562,0,0,0x0400,D-Down
563,0,0,0x0400,D-Down
564,0,0,0x0400,D-Down
565,0,0,0x0400,D-Down
566,0,0,0x0400,D-Down
567,0,0,0x0400,D-Down
568,0,0,0x0400,D-Down
569,0,0,0x0400,D-Down
570,0,0,0x0400,D-Down
571,0,0,0x0400,D-Down
572,0,0,0x0400,D-Down
573,0,0,0x0400,D-Down
574,0,0,0x0400,D-Down
575,0,0,0x0400,D-Down
576,0,0,0x0400,D-Down
577,0,0,0x0400,D-Down
578,0,0,0x0400,D-Down
579,0,0,0x0400,D-Down
580,0,0,0x0400,D-Down
581,0,0,0x0400,D-Down
582,0,0,0x0400,D-Down
583,0,0,0x0400,D-Down
584,0,0,0x0400,D-Down
585,0,0,0x0400,D-Down
586,0,0,0x0400,D-Down
587,0,0,0x0400,D-Down
588,0,0,0x0400,D-Down
589,0,0,0x0400,D-Down
590,0,0,0x0400,D-Down
591,0,0,0x0400,D-Down
592,0,0,0x0400,D-Down
593,0,0,0x0400,D-Down
594,0,0,0x0400,D-Down
595,0,0,0x0400,D-Down
596,0,0,0x0400,D-Down
597,0,0,0x0400,D-Down
598,0,0,0x0400,D-Down
599,0,0,0x0400,D-Down
600,0,0,0x0400,D-Down
601,0,0,0x0200,D-Left
602,0,0,0x0200,D-Left
603,0,0,0x0200,D-Left
604,0,0,0x0200,D-Left
605,0,0,0x0200,D-Left
606,0,0,0x0200,D-Left
607,0,0,0x0200,D-Left
608,0,0,0x0200,D-Left
609,0,0,0x0200,D-Left
610,0,0,0x0200,D-Left
611,0,0,0x0200,D-Left
612,0,0,0x0200,D-Left
613,0,0,0x0200,D-Left
614,0,0,0x0200,D-Left
615,0,0,0x0200,D-Left
616,0,0,0x0200,D-Left
617,0,0,0x0200,D-Left
618,0,0,0x0200,D-Left
619,0,0,0x0200,D-Left
620,0,0,0x0200,D-Left
621,0,0,0x0200,D-Left
622,0,0,0x0200,D-Left
623,0,0,0x0200,D-Left
624,0,0,0x0200,D-Left
625,0,0,0x0200,D-Left
626,0,0,0x0200,D-Left
627,0,0,0x0200,D-Left
628,0,0,0x0200,D-Left
629,0,0,0x0200,D-Left
630,0,0,0x0200,D-Left
631,0,0,0x0200,D-Left
632,0,0,0x0200,D-Left
633,0,0,0x0200,D-Left
634,0,0,0x0200,D-Left
635,0,0,0x0200,D-Left
636,0,0,0x0200,D-Left
637,0,0,0x0200,D-Left
638,0,0,0x0200,D-Left
639,0,0,0x0200,D-Left
640,0,0,0x0200,D-Left
641,0,0,0x0200,D-Left
642,0,0,0x0200,D-Left
643,0,0,0x0200,D-Left
644,0,0,0x0200,D-Left
645,0,0,0x0200,D-Left
646,0,0,0x0200,D-Left
647,0,0,0x0200,D-Left
648,0,0,0x0200,D-Left
649,0,0,0x0200,D-Left
650,0,0,0x0200,D-Left
651,0,0,0x0200,D-Left
652,0,0,0x0200,D-Left
653,0,0,0x0200,D-Left
654,0,0,0x0200,D-Left
655,0,0,0x0200,D-Left
656,0,0,0x0200,D-Left
657,0,0,0x0200,D-Left
658,0,0,0x0200,D-Left
659,0,0,0x0200,D-Left
660,0,0,0x0200,D-Left
661,0,0,0x0200,D-Left
662,0,0,0x0200,D-Left
663,0,0,0x0200,D-Left
664,0,0,0x0200,D-Left
665,0,0,0x0200,D-Left
666,0,0,0x0200,D-Left
667,0,0,0x0200,D-Left
668,0,0,0x0200,D-Left
669,0,0,0x0200,D-Left
670,0,0,0x0200,D-Left
671,0,0,0x0200,D-Left
672,0,0,0x0200,D-Left
673,0,0,0x0200,D-Left
674,0,0,0x0200,D-Left
675,0,0,0x0200,D-Left
676,0,0,0x0200,D-Left
677,0,0,0x0200,D-Left
678,0,0,0x0200,D-Left
679,0,0,0x0200,D-Left
680,0,0,0x0200,D-Left
681,0,0,0x0200,D-Left
682,0,0,0x0200,D-Left
683,0,0,0x0200,D-Left
684,0,0,0x0200,D-Left
685,0,0,0x0200,D-Left
686,0,0,0x0200,D-Left
687,0,0,0x0200,D-Left
688,0,0,0x0200,D-Left
689,0,0,0x0200,D-Left
690,0,0,0x0200,D-Left
691,0,0,0x0200,D-Left
692,0,0,0x0200,D-Left
693,0,0,0x0200,D-Left
694,0,0,0x0200,D-Left
695,0,0,0x0200,D-Left
696,0,0,0x0200,D-Left
697,0,0,0x0200,D-Left
698,0,0,0x0200,D-Left
699,0,0,0x0200,D-Left
700,0,0,0x0200,D-Left
701,0,0,0x0100,D-Right
702,0,0,0x0100,D-Right
703,0,0,0x0100,D-Right
704,0,0,0x0100,D-Right
705,0,0,0x0100,D-Right
706,0,0,0x0100,D-Right
707,0,0,0x0100,D-Right
708,0,0,0x0100,D-Right
709,0,0,0x0100,D-Right
710,0,0,0x0100,D-Right
711,0,0,0x0100,D-Right
712,0,0,0x0100,D-Right
713,0,0,0x0100,D-Right
714,0,0,0x0100,D-Right
715,0,0,0x0100,D-Right
716,0,0,0x0100,D-Right
717,0,0,0x0100,D-Right
718,0,0,0x0100,D-Right
719,0,0,0x0100,D-Right
720,0,0,0x0100,D-Right
721,0,0,0x0100,D-Right
722,0,0,0x0100,D-Right
723,0,0,0x0100,D-Right
724,0,0,0x0100,D-Right
725,0,0,0x0100,D-Right
726,0,0,0x0100,D-Right
727,0,0,0x0100,D-Right
728,0,0,0x0100,D-Right
729,0,0,0x0100,D-Right
730,0,0,0x0100,D-Right
731,0,0,0x0100,D-Right
732,0,0,0x0100,D-Right
733,0,0,0x0100,D-Right
734,0,0,0x0100,D-Right
735,0,0,0x0100,D-Right
736,0,0,0x0100,D-Right
737,0,0,0x0100,D-Right
738,0,0,0x0100,D-Right
739,0,0,0x0100,D-Right
740,0,0,0x0100,D-Right
741,0,0,0x0100,D-Right
742,0,0,0x0100,D-Right
743,0,0,0x0100,D-Right
744,0,0,0x0100,D-Right
745,0,0,0x0100,D-Right
746,0,0,0x0100,D-Right
747,0,0,0x0100,D-Right
748,0,0,0x0100,D-Right
749,0,0,0x0100,D-Right
750,0,0,0x0100,D-Right
751,0,0,0x0100,D-Right
752,0,0,0x0100,D-Right
753,0,0,0x0100,D-Right
754,0,0,0x0100,D-Right
755,0,0,0x0100,D-Right
756,0,0,0x0100,D-Right
757,0,0,0x0100,D-Right
758,0,0,0x0100,D-Right
759,0,0,0x0100,D-Right
760,0,0,0x0100,D-Right
761,0,0,0x0100,D-Right
762,0,0,0x0100,D-Right
763,0,0,0x0100,D-Right
764,0,0,0x0100,D-Right
765,0,0,0x0100,D-Right
766,0,0,0x0100,D-Right
767,0,0,0x0100,D-Right
768,0,0,0x0100,D-Right
769,0,0,0x0100,D-Right
770,0,0,0x0100,D-Right
771,0,0,0x0100,D-Right
772,0,0,0x0100,D-Right
773,0,0,0x0100,D-Right
774,0,0,0x0100,D-Right
775,0,0,0x0100,D-Right
776,0,0,0x0100,D-Right
777,0,0,0x0100,D-Right
778,0,0,0x0100,D-Right
779,0,0,0x0100,D-Right
780,0,0,0x0100,D-Right
781,0,0,0x0100,D-Right
782,0,0,0x0100,D-Right
783,0,0,0x0100,D-Right
784,0,0,0x0100,D-Right
785,0,0,0x0100,D-Right
786,0,0,0x0100,D-Right
787,0,0,0x0100,D-Right
788,0,0,0x0100,D-Right
789,0,0,0x0100,D-Right
790,0,0,0x0100,D-Right
791,0,0,0x0100,D-Right
792,0,0,0x0100,D-Right
793,0,0,0x0100,D-Right
794,0,0,0x0100,D-Right
795,0,0,0x0100,D-Right
796,0,0,0x0100,D-Right
797,0,0,0x0100,D-Right
798,0,0,0x0100,D-Right
799,0,0,0x0100,D-Right
800,0,0,0x0100,D-Right
801,0,0,0x0020,L
802,0,0,0x0020,L
803,0,0,0x0020,L
804,0,0,0x0020,L
805,0,0,0x0020,L
806,0,0,0x0020,L
807,0,0,0x0020,L
808,0,0,0x0020,L
809,0,0,0x0020,L
810,0,0,0x0020,L
811,0,0,0x0020,L
812,0,0,0x0020,L
813,0,0,0x0020,L
814,0,0,0x0020,L
815,0,0,0x0020,L
816,0,0,0x0020,L
817,0,0,0x0020,L
818,0,0,0x0020,L
819,0,0,0x0020,L
820,0,0,0x0020,L
821,0,0,0x0020,L
822,0,0,0x0020,L
823,0,0,0x0020,L
824,0,0,0x0020,L
825,0,0,0x0020,L
826,0,0,0x0020,L
827,0,0,0x0020,L
828,0,0,0x0020,L
829,0,0,0x0020,L
830,0,0,0x0020,L
831,0,0,0x0020,L
832,0,0,0x0020,L
833,0,0,0x0020,L
834,0,0,0x0020,L
835,0,0,0x0020,L
836,0,0,0x0020,L
837,0,0,0x0020,L
838,0,0,0x0020,L
839,0,0,0x0020,L
840,0,0,0x0020,L
841,0,0,0x0020,L
842,0,0,0x0020,L
843,0,0,0x0020,L
844,0,0,0x0020,L
845,0,0,0x0020,L
846,0,0,0x0020,L
847,0,0,0x0020,L
848,0,0,0x0020,L
849,0,0,0x0020,L
850,0,0,0x0020,L
851,0,0,0x0020,L
852,0,0,0x0020,L
853,0,0,0x0020,L
854,0,0,0x0020,L
855,0,0,0x0020,L
856,0,0,0x0020,L
857,0,0,0x0020,L
858,0,0,0x0020,L
859,0,0,0x0020,L
860,0,0,0x0020,L
861,0,0,0x0020,L
862,0,0,0x0020,L
863,0,0,0x0020,L
864,0,0,0x0020,L
865,0,0,0x0020,L
866,0,0,0x0020,L
867,0,0,0x0020,L
868,0,0,0x0020,L
869,0,0,0x0020,L
870,0,0,0x0020,L
871,0,0,0x0020,L
872,0,0,0x0020,L
873,0,0,0x0020,L
874,0,0,0x0020,L
875,0,0,0x0020,L
876,0,0,0x0020,L
877,0,0,0x0020,L
878,0,0,0x0020,L
879,0,0,0x0020,L
880,0,0,0x0020,L
881,0,0,0x0020,L
882,0,0,0x0020,L
883,0,0,0x0020,L
884,0,0,0x0020,L
885,0,0,0x0020,L
886,0,0,0x0020,L
887,0,0,0x0020,L
888,0,0,0x0020,L
889,0,0,0x0020,L
890,0,0,0x0020,L
891,0,0,0x0020,L
892,0,0,0x0020,L
893,0,0,0x0020,L
894,0,0,0x0020,L
895,0,0,0x0020,L
896,0,0,0x0020,L
897,0,0,0x0020,L
898,0,0,0x0020,L
899,0,0,0x0020,L
900,0,0,0x0020,L
901,0,0,0x0010,R
902,0,0,0x0010,R
903,0,0,0x0010,R
904,0,0,0x0010,R
905,0,0,0x0010,R
906,0,0,0x0010,R
907,0,0,0x0010,R
908,0,0,0x0010,R
909,0,0,0x0010,R
910,0,0,0x0010,R
911,0,0,0x0010,R
912,0,0,0x0010,R
913,0,0,0x0010,R
914,0,0,0x0010,R
915,0,0,0x0010,R
916,0,0,0x0010,R
917,0,0,0x0010,R
918,0,0,0x0010,R
919,0,0,0x0010,R
920,0,0,0x0010,R
921,0,0,0x0010,R
922,0,0,0x0010,R
923,0,0,0x0010,R
924,0,0,0x0010,R
925,0,0,0x0010,R
926,0,0,0x0010,R
927,0,0,0x0010,R
928,0,0,0x0010,R
929,0,0,0x0010,R
930,0,0,0x0010,R
931,0,0,0x0010,R
932,0,0,0x0010,R
933,0,0,0x0010,R
934,0,0,0x0010,R
935,0,0,0x0010,R
936,0,0,0x0010,R
937,0,0,0x0010,R
938,0,0,0x0010,R
939,0,0,0x0010,R
940,0,0,0x0010,R
941,0,0,0x0010,R
942,0,0,0x0010,R
943,0,0,0x0010,R
944,0,0,0x0010,R
945,0,0,0x0010,R
946,0,0,0x0010,R
947,0,0,0x0010,R
948,0,0,0x0010,R
949,0,0,0x0010,R
950,0,0,0x0010,R
951,0,0,0x0010,R
952,0,0,0x0010,R
953,0,0,0x0010,R
954,0,0,0x0010,R
955,0,0,0x0010,R
956,0,0,0x0010,R
957,0,0,0x0010,R
958,0,0,0x0010,R
959,0,0,0x0010,R
960,0,0,0x0010,R
961,0,0,0x0010,R
962,0,0,0x0010,R
963,0,0,0x0010,R
964,0,0,0x0010,R
965,0,0,0x0010,R
966,0,0,0x0010,R
967,0,0,0x0010,R
968,0,0,0x0010,R
969,0,0,0x0010,R
970,0,0,0x0010,R
971,0,0,0x0010,R
972,0,0,0x0010,R
973,0,0,0x0010,R
974,0,0,0x0010,R
975,0,0,0x0010,R
976,0,0,0x0010,R
977,0,0,0x0010,R
978,0,0,0x0010,R
979,0,0,0x0010,R
980,0,0,0x0010,R
981,0,0,0x0010,R
982,0,0,0x0010,R
983,0,0,0x0010,R
984,0,0,0x0010,R
985,0,0,0x0010,R
986,0,0,0x0010,R
987,0,0,0x0010,R
988,0,0,0x0010,R
989,0,0,0x0010,R
990,0,0,0x0010,R
991,0,0,0x0010,R
992,0,0,0x0010,R
993,0,0,0x0010,R
994,0,0,0x0010,R
995,0,0,0x0010,R
996,0,0,0x0010,R
997,0,0,0x0010,R
998,0,0,0x0010,R
999,0,0,0x0010,R
1000,0,0,0x0010,R
1001,0,0,0x0008,C-Up
1002,0,0,0x0008,C-Up
1003,0,0,0x0008,C-Up
1004,0,0,0x0008,C-Up
1005,0,0,0x0008,C-Up
1006,0,0,0x0008,C-Up
1007,0,0,0x0008,C-Up
1008,0,0,0x0008,C-Up
1009,0,0,0x0008,C-Up
1010,0,0,0x0008,C-Up
1011,0,0,0x0008,C-Up
1012,0,0,0x0008,C-Up
1013,0,0,0x0008,C-Up
1014,0,0,0x0008,C-Up
1015,0,0,0x0008,C-Up
1016,0,0,0x0008,C-Up
1017,0,0,0x0008,C-Up
1018,0,0,0x0008,C-Up
1019,0,0,0x0008,C-Up
1020,0,0,0x0008,C-Up
1021,0,0,0x0008,C-Up
1022,0,0,0x0008,C-Up
1023,0,0,0x0008,C-Up
1024,0,0,0x0008,C-Up
1025,0,0,0x0008,C-Up
1026,0,0,0x0008,C-Up
1027,0,0,0x0008,C-Up
1028,0,0,0x0008,C-Up
1029,0,0,0x0008,C-Up
1030,0,0,0x0008,C-Up
1031,0,0,0x0008,C-Up
1032,0,0,0x0008,C-Up
1033,0,0,0x0008,C-Up
1034,0,0,0x0008,C-Up
1035,0,0,0x0008,C-Up
1036,0,0,0x0008,C-Up
1037,0,0,0x0008,C-Up
1038,0,0,0x0008,C-Up
1039,0,0,0x0008,C-Up
1040,0,0,0x0008,C-Up
1041,0,0,0x0008,C-Up
1042,0,0,0x0008,C-Up
1043,0,0,0x0008,C-Up
1044,0,0,0x0008,C-Up
1045,0,0,0x0008,C-Up
1046,0,0,0x0008,C-Up
1047,0,0,0x0008,C-Up
1048,0,0,0x0008,C-Up
1049,0,0,0x0008,C-Up
1050,0,0,0x0008,C-Up
1051,0,0,0x0008,C-Up
1052,0,0,0x0008,C-Up
1053,0,0,0x0008,C-Up
1054,0,0,0x0008,C-Up
1055,0,0,0x0008,C-Up
1056,0,0,0x0008,C-Up
1057,0,0,0x0008,C-Up
1058,0,0,0x0008,C-Up
1059,0,0,0x0008,C-Up
1060,0,0,0x0008,C-Up
1061,0,0,0x0008,C-Up
1062,0,0,0x0008,C-Up
1063,0,0,0x0008,C-Up
1064,0,0,0x0008,C-Up
1065,0,0,0x0008,C-Up
1066,0,0,0x0008,C-Up
1067,0,0,0x0008,C-Up
1068,0,0,0x0008,C-Up
1069,0,0,0x0008,C-Up
1070,0,0,0x0008,C-Up
1071,0,0,0x0008,C-Up
1072,0,0,0x0008,C-Up
1073,0,0,0x0008,C-Up
1074,0,0,0x0008,C-Up
1075,0,0,0x0008,C-Up
1076,0,0,0x0008,C-Up
1077,0,0,0x0008,C-Up
1078,0,0,0x0008,C-Up
1079,0,0,0x0008,C-Up
1080,0,0,0x0008,C-Up
1081,0,0,0x0008,C-Up
1082,0,0,0x0008,C-Up
1083,0,0,0x0008,C-Up
1084,0,0,0x0008,C-Up
1085,0,0,0x0008,C-Up
1086,0,0,0x0008,C-Up
1087,0,0,0x0008,C-Up
1088,0,0,0x0008,C-Up
1089,0,0,0x0008,C-Up
1090,0,0,0x0008,C-Up
1091,0,0,0x0008,C-Up
1092,0,0,0x0008,C-Up
1093,0,0,0x0008,C-Up
1094,0,0,0x0008,C-Up
1095,0,0,0x0008,C-Up
1096,0,0,0x0008,C-Up
1097,0,0,0x0008,C-Up
1098,0,0,0x0008,C-Up
1099,0,0,0x0008,C-Up
1100,0,0,0x0008,C-Up
1101,0,0,0x0004,C-Down
1102,0,0,0x0004,C-Down
1103,0,0,0x0004,C-Down
1104,0,0,0x0004,C-Down
1105,0,0,0x0004,C-Down
1106,0,0,0x0004,C-Down
1107,0,0,0x0004,C-Down
1108,0,0,0x0004,C-Down
1109,0,0,0x0004,C-Down
1110,0,0,0x0004,C-Down
1111,0,0,0x0004,C-Down
1112,0,0,0x0004,C-Down
1113,0,0,0x0004,C-Down
1114,0,0,0x0004,C-Down
1115,0,0,0x0004,C-Down
1116,0,0,0x0004,C-Down
1117,0,0,0x0004,C-Down
1118,0,0,0x0004,C-Down
1119,0,0,0x0004,C-Down
1120,0,0,0x0004,C-Down
1121,0,0,0x0004,C-Down
1122,0,0,0x0004,C-Down
1123,0,0,0x0004,C-Down
1124,0,0,0x0004,C-Down
1125,0,0,0x0004,C-Down
1126,0,0,0x0004,C-Down
1127,0,0,0x0004,C-Down
1128,0,0,0x0004,C-Down
1129,0,0,0x0004,C-Down
1130,0,0,0x0004,C-Down
1131,0,0,0x0004,C-Down
1132,0,0,0x0004,C-Down
1133,0,0,0x0004,C-Down
1134,0,0,0x0004,C-Down
1135,0,0,0x0004,C-Down
1136,0,0,0x0004,C-Down
1137,0,0,0x0004,C-Down
1138,0,0,0x0004,C-Down
1139,0,0,0x0004,C-Down
1140,0,0,0x0004,C-Down
1141,0,0,0x0004,C-Down
1142,0,0,0x0004,C-Down
1143,0,0,0x0004,C-Down
1144,0,0,0x0004,C-Down
1145,0,0,0x0004,C-Down
1146,0,0,0x0004,C-Down
1147,0,0,0x0004,C-Down
1148,0,0,0x0004,C-Down
1149,0,0,0x0004,C-Down
1150,0,0,0x0004,C-Down
1151,0,0,0x0004,C-Down
1152,0,0,0x0004,C-Down
1153,0,0,0x0004,C-Down
1154,0,0,0x0004,C-Down
1155,0,0,0x0004,C-Down
1156,0,0,0x0004,C-Down
1157,0,0,0x0004,C-Down
1158,0,0,0x0004,C-Down
1159,0,0,0x0004,C-Down
1160,0,0,0x0004,C-Down
1161,0,0,0x0004,C-Down
1162,0,0,0x0004,C-Down
1163,0,0,0x0004,C-Down
1164,0,0,0x0004,C-Down
1165,0,0,0x0004,C-Down
1166,0,0,0x0004,C-Down
1167,0,0,0x0004,C-Down
1168,0,0,0x0004,C-Down
1169,0,0,0x0004,C-Down
1170,0,0,0x0004,C-Down
1171,0,0,0x0004,C-Down
1172,0,0,0x0004,C-Down
1173,0,0,0x0004,C-Down
1174,0,0,0x0004,C-Down
1175,0,0,0x0004,C-Down
1176,0,0,0x0004,C-Down
1177,0,0,0x0004,C-Down
1178,0,0,0x0004,C-Down
1179,0,0,0x0004,C-Down
1180,0,0,0x0004,C-Down
1181,0,0,0x0004,C-Down
1182,0,0,0x0004,C-Down
1183,0,0,0x0004,C-Down
1184,0,0,0x0004,C-Down
1185,0,0,0x0004,C-Down
1186,0,0,0x0004,C-Down
1187,0,0,0x0004,C-Down
1188,0,0,0x0004,C-Down
1189,0,0,0x0004,C-Down
1190,0,0,0x0004,C-Down
1191,0,0,0x0004,C-Down
1192,0,0,0x0004,C-Down
1193,0,0,0x0004,C-Down
1194,0,0,0x0004,C-Down
1195,0,0,0x0004,C-Down
1196,0,0,0x0004,C-Down
1197,0,0,0x0004,C-Down
1198,0,0,0x0004,C-Down
1199,0,0,0x0004,C-Down
1200,0,0,0x0004,C-Down
1201,0,0,0x0002,C-Left
1202,0,0,0x0002,C-Left
1203,0,0,0x0002,C-Left
1204,0,0,0x0002,C-Left
1205,0,0,0x0002,C-Left
1206,0,0,0x0002,C-Left
1207,0,0,0x0002,C-Left
1208,0,0,0x0002,C-Left
1209,0,0,0x0002,C-Left
1210,0,0,0x0002,C-Left
1211,0,0,0x0002,C-Left
1212,0,0,0x0002,C-Left
1213,0,0,0x0002,C-Left
1214,0,0,0x0002,C-Left
1215,0,0,0x0002,C-Left
1216,0,0,0x0002,C-Left
1217,0,0,0x0002,C-Left
1218,0,0,0x0002,C-Left
1219,0,0,0x0002,C-Left
1220,0,0,0x0002,C-Left
1221,0,0,0x0002,C-Left
1222,0,0,0x0002,C-Left
1223,0,0,0x0002,C-Left
1224,0,0,0x0002,C-Left
1225,0,0,0x0002,C-Left
1226,0,0,0x0002,C-Left
1227,0,0,0x0002,C-Left
1228,0,0,0x0002,C-Left
1229,0,0,0x0002,C-Left
1230,0,0,0x0002,C-Left
1231,0,0,0x0002,C-Left
1232,0,0,0x0002,C-Left
1233,0,0,0x0002,C-Left
1234,0,0,0x0002,C-Left
1235,0,0,0x0002,C-Left
1236,0,0,0x0002,C-Left
1237,0,0,0x0002,C-Left
1238,0,0,0x0002,C-Left
1239,0,0,0x0002,C-Left
1240,0,0,0x0002,C-Left
1241,0,0,0x0002,C-Left
1242,0,0,0x0002,C-Left
1243,0,0,0x0002,C-Left
1244,0,0,0x0002,C-Left
1245,0,0,0x0002,C-Left
1246,0,0,0x0002,C-Left
1247,0,0,0x0002,C-Left
1248,0,0,0x0002,C-Left
1249,0,0,0x0002,C-Left
1250,0,0,0x0002,C-Left
1251,0,0,0x0002,C-Left
1252,0,0,0x0002,C-Left
1253,0,0,0x0002,C-Left
1254,0,0,0x0002,C-Left
1255,0,0,0x0002,C-Left
1256,0,0,0x0002,C-Left
1257,0,0,0x0002,C-Left
1258,0,0,0x0002,C-Left
1259,0,0,0x0002,C-Left
1260,0,0,0x0002,C-Left
1261,0,0,0x0002,C-Left
1262,0,0,0x0002,C-Left
1263,0,0,0x0002,C-Left
1264,0,0,0x0002,C-Left
1265,0,0,0x0002,C-Left
1266,0,0,0x0002,C-Left
1267,0,0,0x0002,C-Left
1268,0,0,0x0002,C-Left
1269,0,0,0x0002,C-Left
1270,0,0,0x0002,C-Left
1271,0,0,0x0002,C-Left
1272,0,0,0x0002,C-Left
1273,0,0,0x0002,C-Left
1274,0,0,0x0002,C-Left
1275,0,0,0x0002,C-Left
1276,0,0,0x0002,C-Left
1277,0,0,0x0002,C-Left
1278,0,0,0x0002,C-Left
1279,0,0,0x0002,C-Left
1280,0,0,0x0002,C-Left
1281,0,0,0x0002,C-Left
1282,0,0,0x0002,C-Left
1283,0,0,0x0002,C-Left
1284,0,0,0x0002,C-Left
1285,0,0,0x0002,C-Left
1286,0,0,0x0002,C-Left
1287,0,0,0x0002,C-Left
1288,0,0,0x0002,C-Left
1289,0,0,0x0002,C-Left
1290,0,0,0x0002,C-Left
1291,0,0,0x0002,C-Left
1292,0,0,0x0002,C-Left
1293,0,0,0x0002,C-Left
1294,0,0,0x0002,C-Left
1295,0,0,0x0002,C-Left
1296,0,0,0x0002,C-Left
1297,0,0,0x0002,C-Left
1298,0,0,0x0002,C-Left
1299,0,0,0x0002,C-Left
1300,0,0,0x0002,C-Left
1301,0,0,0x0001,C-Right
1302,0,0,0x0001,C-Right
1303,0,0,0x0001,C-Right
1304,0,0,0x0001,C-Right
1305,0,0,0x0001,C-Right
1306,0,0,0x0001,C-Right
1307,0,0,0x0001,C-Right
1308,0,0,0x0001,C-Right
1309,0,0,0x0001,C-Right
1310,0,0,0x0001,C-Right
1311,0,0,0x0001,C-Right
1312,0,0,0x0001,C-Right
1313,0,0,0x0001,C-Right
1314,0,0,0x0001,C-Right
1315,0,0,0x0001,C-Right
1316,0,0,0x0001,C-Right
1317,0,0,0x0001,C-Right
1318,0,0,0x0001,C-Right
1319,0,0,0x0001,C-Right
1320,0,0,0x0001,C-Right
1321,0,0,0x0001,C-Right
1322,0,0,0x0001,C-Right
1323,0,0,0x0001,C-Right
1324,0,0,0x0001,C-Right
1325,0,0,0x0001,C-Right
1326,0,0,0x0001,C-Right
1327,0,0,0x0001,C-Right
1328,0,0,0x0001,C-Right
1329,0,0,0x0001,C-Right
1330,0,0,0x0001,C-Right
1331,0,0,0x0001,C-Right
1332,0,0,0x0001,C-Right
1333,0,0,0x0001,C-Right
1334,0,0,0x0001,C-Right
1335,0,0,0x0001,C-Right
1336,0,0,0x0001,C-Right
1337,0,0,0x0001,C-Right
1338,0,0,0x0001,C-Right
1339,0,0,0x0001,C-Right
1340,0,0,0x0001,C-Right
1341,0,0,0x0001,C-Right
1342,0,0,0x0001,C-Right
1343,0,0,0x0001,C-Right
1344,0,0,0x0001,C-Right
1345,0,0,0x0001,C-Right
1346,0,0,0x0001,C-Right
1347,0,0,0x0001,C-Right
1348,0,0,0x0001,C-Right
1349,0,0,0x0001,C-Right
1350,0,0,0x0001,C-Right
1351,0,0,0x0001,C-Right
1352,0,0,0x0001,C-Right
1353,0,0,0x0001,C-Right
1354,0,0,0x0001,C-Right
1355,0,0,0x0001,C-Right
1356,0,0,0x0001,C-Right
1357,0,0,0x0001,C-Right
1358,0,0,0x0001,C-Right
1359,0,0,0x0001,C-Right
1360,0,0,0x0001,C-Right
1361,0,0,0x0001,C-Right
1362,0,0,0x0001,C-Right
1363,0,0,0x0001,C-Right
1364,0,0,0x0001,C-Right
1365,0,0,0x0001,C-Right
1366,0,0,0x0001,C-Right
1367,0,0,0x0001,C-Right
1368,0,0,0x0001,C-Right
1369,0,0,0x0001,C-Right
1370,0,0,0x0001,C-Right
1371,0,0,0x0001,C-Right
1372,0,0,0x0001,C-Right
1373,0,0,0x0001,C-Right
1374,0,0,0x0001,C-Right
1375,0,0,0x0001,C-Right
1376,0,0,0x0001,C-Right
1377,0,0,0x0001,C-Right
1378,0,0,0x0001,C-Right
1379,0,0,0x0001,C-Right
1380,0,0,0x0001,C-Right
1381,0,0,0x0001,C-Right
1382,0,0,0x0001,C-Right
1383,0,0,0x0001,C-Right
1384,0,0,0x0001,C-Right
1385,0,0,0x0001,C-Right
1386,0,0,0x0001,C-Right
1387,0,0,0x0001,C-Right
1388,0,0,0x0001,C-Right
1389,0,0,0x0001,C-Right
1390,0,0,0x0001,C-Right
1391,0,0,0x0001,C-Right
1392,0,0,0x0001,C-Right
1393,0,0,0x0001,C-Right
1394,0,0,0x0001,C-Right
1395,0,0,0x0001,C-Right
1396,0,0,0x0001,C-Right
1397,0,0,0x0001,C-Right
1398,0,0,0x0001,C-Right
1399,0,0,0x0001,C-Right
1400,0,0,0x0001,C-Right
1401,41,119,0x0000,None
1402,41,119,0x0000,None
1403,41,119,0x0000,None
1404,41,119,0x0000,None
1405,41,119,0x0000,None
1406,41,118,0x0000,None
1407,41,118,0x0000,None
1408,41,118,0x0000,None
1409,41,118,0x0000,None
1410,41,118,0x0000,None
1411,41,118,0x0000,None
1412,41,118,0x0000,None
1413,41,118,0x0000,None
1414,41,118,0x0000,None
1415,41,118,0x0000,None
1416,41,118,0x0000,None
1417,41,118,0x0000,None
1418,41,118,0x0000,None
1419,41,118,0x0000,None
1420,41,118,0x0000,None
1421,41,118,0x0000,None
1422,41,118,0x0000,None
1423,41,118,0x0000,None
1424,41,118,0x0000,None
1425,41,118,0x0000,None
1426,41,118,0x0000,None
1427,41,118,0x0000,None
1428,41,118,0x0000,None
1429,41,118,0x0000,None
1430,41,118,0x0000,None
1431,41,118,0x0000,None
1432,41,118,0x0000,None
1433,41,118,0x0000,None
1434,41,118,0x0000,None
1435,41,118,0x0000,None
1436,41,118,0x0000,None
1437,41,118,0x0000,None
1438,41,118,0x0000,None
1439,41,118,0x0000,None
1440,41,118,0x0000,None
1441,41,118,0x0000,None
1442,41,118,0x0000,None
1443,41,118,0x0000,None
1444,41,118,0x0000,None
1445,41,118,0x0000,None
1446,41,118,0x0000,None
1447,41,118,0x0000,None
1448,41,118,0x0000,None
1449,41,118,0x0000,None
1450,41,118,0x0000,None
1451,41,118,0x0000,None
1452,41,118,0x0000,None
1453,41,118,0x0000,None
1454,41,118,0x0000,None
1455,41,118,0x0000,None
1456,41,118,0x0000,None
1457,41,118,0x0000,None
1458,41,118,0x0000,None
1459,41,118,0x0000,None
1460,41,118,0x0000,None
1461,41,118,0x0000,None
1462,41,118,0x0000,None
1463,41,118,0x0000,None
1464,41,118,0x0000,None
1465,40,119,0x0000,None
1466,40,119,0x0000,None
1467,40,119,0x0000,None
1468,40,119,0x0000,None
1469,40,119,0x0000,None
1470,40,119,0x0000,None
1471,40,119,0x0000,None
1472,40,119,0x0000,None
1473,40,119,0x0000,None
1474,40,119,0x0000,None
1475,40,119,0x0000,None
1476,40,119,0x0000,None
1477,40,119,0x0000,None
1478,40,119,0x0000,None
1479,40,119,0x0000,None
1480,40,119,0x0000,None
1481,40,119,0x0000,None
1482,40,119,0x0000,None
1483,40,119,0x0000,None
1484,40,119,0x0000,None
1485,40,119,0x0000,None
1486,40,119,0x0000,None
1487,40,119,0x0000,None
1488,40,119,0x0000,None
1489,40,119,0x0000,None
1490,40,119,0x0000,None
1491,40,119,0x0000,None
1492,40,119,0x0000,None
1493,40,119,0x0000,None
1494,40,119,0x0000,None
1495,40,119,0x0000,None
1496,40,119,0x0000,None
1497,40,119,0x0000,None
1498,40,119,0x0000,None
1499,40,119,0x0000,None
1500,15,-125,0x0000,None
1501,15,-125,0x0000,None
1502,15,-125,0x0000,None
1503,15,-125,0x0000,None
1504,15,-125,0x0000,None
1505,15,-125,0x0000,None
1506,15,-125,0x0000,None
1507,15,-125,0x0000,None
1508,15,-125,0x0000,None
1509,15,-125,0x0000,None
1510,15,-125,0x0000,None
1511,15,-125,0x0000,None
1512,15,-125,0x0000,None
1513,15,-125,0x0000,None
1514,15,-125,0x0000,None
1515,15,-125,0x0000,None
1516,15,-125,0x0000,None
1517,15,-125,0x0000,None
1518,15,-125,0x0000,None
1519,15,-125,0x0000,None
1520,15,-125,0x0000,None
1521,15,-125,0x0000,None
1522,15,-125,0x0000,None
1523,15,-125,0x0000,None
1524,15,-125,0x0000,None
1525,15,-125,0x0000,None
1526,15,-125,0x0000,None
1527,15,-125,0x0000,None
1528,15,-125,0x0000,None
1529,15,-125,0x0000,None
1530,15,-125,0x0000,None
1531,15,-125,0x0000,None
1532,15,-125,0x0000,None
1533,15,-125,0x0000,None
1534,15,-125,0x0000,None
1535,15,-125,0x0000,None
1536,15,-125,0x0000,None
1537,15,-125,0x0000,None
1538,15,-125,0x0000,None
1539,15,-125,0x0000,None
1540,15,-125,0x0000,None
1541,15,-125,0x0000,None
1542,15,-125,0x0000,None
1543,15,-125,0x0000,None
1544,15,-125,0x0000,None
1545,15,-125,0x0000,None
1546,15,-125,0x0000,None
1547,15,-125,0x0000,None
1548,15,-125,0x0000,None
1549,15,-125,0x0000,None
1550,15,-125,0x0000,None
1551,15,-125,0x0000,None
1552,15,-125,0x0000,None
1553,15,-125,0x0000,None
1554,15,-125,0x0000,None
1555,15,-125,0x0000,None
1556,15,-125,0x0000,None
1557,15,-125,0x0000,None
1558,15,-125,0x0000,None
1559,15,-125,0x0000,None
1560,15,-125,0x0000,None
1561,15,-125,0x0000,None
1562,15,-125,0x0000,None
1563,15,-125,0x0000,None
1564,15,-125,0x0000,None
1565,15,-125,0x0000,None
1566,15,-125,0x0000,None
1567,15,-125,0x0000,None
1568,15,-125,0x0000,None
1569,15,-125,0x0000,None
1570,15,-125,0x0000,None
1571,15,-125,0x0000,None
1572,15,-125,0x0000,None
1573,15,-125,0x0000,None
1574,15,-125,0x0000,None
1575,15,-125,0x0000,None
1576,15,-125,0x0000,None
1577,15,-125,0x0000,None
1578,15,-125,0x0000,None
1579,15,-125,0x0000,None
1580,15,-125,0x0000,None
1581,15,-125,0x0000,None
1582,15,-125,0x0000,None
1583,15,-125,0x0000,None
1584,15,-125,0x0000,None
1585,15,-125,0x0000,None
1586,15,-125,0x0000,None
1587,15,-125,0x0000,None
1588,15,-125,0x0000,None
1589,15,-125,0x0000,None
1590,15,-125,0x0000,None
1591,15,-125,0x0000,None
1592,15,-125,0x0000,None
1593,15,-125,0x0000,None
1594,15,-125,0x0000,None
1595,15,-125,0x0000,None
1596,15,-125,0x0000,None
1597,15,-125,0x0000,None
1598,15,-125,0x0000,None
1599,15,-125,0x0000,None
1600,15,-125,0x0000,None
1601,-127,0,0x0000,None
1602,-127,0,0x0000,None
1603,-127,0,0x0000,None
1604,-127,0,0x0000,None
1605,-127,0,0x0000,None
1606,-127,0,0x0000,None
1607,-127,0,0x0000,None
1608,-127,0,0x0000,None
1609,-127,0,0x0000,None
1610,-127,0,0x0000,None
1611,-127,0,0x0000,None
1612,-127,0,0x0000,None
1613,-127,0,0x0000,None
1614,-127,0,0x0000,None
1615,-127,0,0x0000,None
1616,-127,0,0x0000,None
1617,-127,0,0x0000,None
1618,-127,0,0x0000,None
1619,-127,0,0x0000,None
1620,-127,0,0x0000,None
1621,-127,0,0x0000,None
1622,-127,0,0x0000,None
1623,-127,0,0x0000,None
1624,-127,0,0x0000,None
1625,-127,0,0x0000,None
1626,-127,0,0x0000,None
1627,-127,0,0x0000,None
1628,-127,0,0x0000,None
1629,-127,0,0x0000,None
1630,-127,0,0x0000,None
1631,-127,0,0x0000,None
1632,-127,0,0x0000,None
1633,-127,0,0x0000,None
1634,-127,0,0x0000,None
1635,-127,0,0x0000,None
1636,-127,0,0x0000,None
1637,-127,0,0x0000,None
1638,-127,0,0x0000,None
1639,-127,0,0x0000,None
1640,-127,0,0x0000,None
1641,-127,0,0x0000,None
1642,-127,0,0x0000,None
1643,-127,0,0x0000,None
1644,-127,0,0x0000,None
1645,-127,0,0x0000,None
1646,-127,0,0x0000,None
1647,-127,0,0x0000,None
1648,-127,0,0x0000,None
1649,-127,0,0x0000,None
1650,-127,0,0x0000,None
1651,-127,0,0x0000,None
1652,-127,0,0x0000,None
1653,-127,0,0x0000,None
1654,-127,0,0x0000,None
1655,-127,0,0x0000,None
1656,-127,0,0x0000,None
1657,-127,0,0x0000,None
1658,-127,0,0x0000,None
1659,-127,0,0x0000,None
1660,-127,0,0x0000,None
1661,-127,0,0x0000,None
1662,-127,0,0x0000,None
1663,-127,0,0x0000,None
1664,-127,0,0x0000,None
1665,-127,0,0x0000,None
1666,-127,0,0x0000,None
1667,-127,0,0x0000,None
1668,-127,0,0x0000,None
1669,-127,0,0x0000,None
1670,-127,0,0x0000,None
1671,-127,0,0x0000,None
1672,-127,0,0x0000,None
1673,-127,0,0x0000,None
1674,-127,0,0x0000,None
1675,-127,0,0x0000,None
1676,-127,0,0x0000,None
1677,-127,0,0x0000,None
1678,-127,0,0x0000,None
1679,-127,0,0x0000,None
1680,-127,0,0x0000,None
1681,-127,0,0x0000,None
1682,-127,0,0x0000,None
1683,-127,0,0x0000,None
1684,-127,0,0x0000,None
1685,-127,0,0x0000,None
1686,-127,0,0x0000,None
1687,-127,0,0x0000,None
1688,-127,0,0x0000,None
1689,-127,0,0x0000,None
1690,-127,0,0x0000,None
1691,-127,0,0x0000,None
1692,-127,0,0x0000,None
1693,-127,0,0x0000,None
1694,-127,0,0x0000,None
1695,-127,0,0x0000,None
1696,-127,0,0x0000,None
1697,-127,0,0x0000,None
1698,-127,0,0x0000,None
1699,-127,0,0x0000,None
1700,-119,-36,0x0000,None
1701,-118,-38,0x0000,None
1702,126,-7,0x0000,None
1703,126,-9,0x0000,None
1704,126,-9,0x0000,None
1705,126,-9,0x0000,None
1706,126,-9,0x0000,None
1707,126,-9,0x0000,None
1708,126,-9,0x0000,None
1709,126,-9,0x0000,None
1710,126,-9,0x0000,None
1711,126,-9,0x0000,None
1712,126,-9,0x0000,None
1713,126,-9,0x0000,None
1714,126,-9,0x0000,None
1715,126,-9,0x0000,None
1716,126,-9,0x0000,None
1717,126,-9,0x0000,None
1718,126,-9,0x0000,None
1719,126,-9,0x0000,None
1720,126,-9,0x0000,None
1721,126,-9,0x0000,None
1722,126,-9,0x0000,None
1723,126,-9,0x0000,None
1724,126,-9,0x0000,None
1725,126,-9,0x0000,None
1726,126,-9,0x0000,None
1727,126,-9,0x0000,None
1728,126,-9,0x0000,None
1729,126,-9,0x0000,None
1730,126,-9,0x0000,None
1731,126,-9,0x0000,None
1732,126,-9,0x0000,None
1733,126,-9,0x0000,None
1734,126,-9,0x0000,None
1735,126,-9,0x0000,None
1736,126,-9,0x0000,None
1737,126,-9,0x0000,None
1738,126,-9,0x0000,None
1739,126,-9,0x0000,None
1740,126,-9,0x0000,None
1741,126,-9,0x0000,None
1742,126,-9,0x0000,None
1743,126,-9,0x0000,None
1744,126,-9,0x0000,None
1745,126,-9,0x0000,None
1746,126,-9,0x0000,None
1747,126,-9,0x0000,None
1748,126,-9,0x0000,None
1749,126,-9,0x0000,None
1750,126,-9,0x0000,None
1751,126,-9,0x0000,None
1752,126,-9,0x0000,None
1753,126,-9,0x0000,None
1754,126,-9,0x0000,None
1755,126,-9,0x0000,None
1756,126,-9,0x0000,None
1757,126,-9,0x0000,None
1758,126,-9,0x0000,None
1759,126,-9,0x0000,None
1760,126,-9,0x0000,None
1761,126,-9,0x0000,None
1762,126,-9,0x0000,None
1763,126,-9,0x0000,None
1764,126,-9,0x0000,None
1765,126,-9,0x0000,None
1766,126,-9,0x0000,None
1767,126,-9,0x0000,None
1768,126,-9,0x0000,None
1769,126,-9,0x0000,None
1770,126,-9,0x0000,None
1771,126,-9,0x0000,None
1772,126,-9,0x0000,None
1773,126,-9,0x0000,None
1774,126,-9,0x0000,None
1775,126,-9,0x0000,None
1776,126,-9,0x0000,None
1777,126,-9,0x0000,None
1778,126,-9,0x0000,None
1779,126,-9,0x0000,None
1780,126,-9,0x0000,None
1781,126,-9,0x0000,None
1782,126,-9,0x0000,None
1783,126,-9,0x0000,None
1784,126,-9,0x0000,None
1785,126,-9,0x0000,None
1786,126,-9,0x0000,None
1787,126,-9,0x0000,None
1788,126,-9,0x0000,None
1789,126,-9,0x0000,None
1790,126,-9,0x0000,None
1791,126,-9,0x0000,None
1792,126,-9,0x0000,None
1793,126,-9,0x0000,None
1794,126,-9,0x0000,None
1795,126,-9,0x0000,None
1796,126,-9,0x0000,None
1797,126,-9,0x0000,None
1798,126,-9,0x0000,None
1799,126,-9,0x0000,None
1800,126,-9,0x0000,None
1801,126,-9,0x0000,None
1802,126,-9,0x0000,None
1803,0,0,0x0000,None
1804,70,-101,0x0000,None
1805,70,-101,0x0000,None
1806,70,-101,0x0000,None
1807,70,-101,0x0000,None
1808,70,-101,0x0000,None
1809,70,-101,0x0000,None
1810,70,-101,0x0000,None
1811,70,-101,0x0000,None
1812,70,-101,0x0000,None
1813,70,-101,0x0000,None
1814,70,-101,0x0000,None
1815,70,-101,0x0000,None
1816,70,-101,0x0000,None
1817,70,-101,0x0000,None
1818,70,-101,0x0000,None
1819,70,-101,0x0000,None
1820,69,-101,0x0000,None
1821,69,-101,0x0000,None
1822,69,-101,0x0000,None
1823,69,-101,0x0000,None
1824,69,-101,0x0000,None
1825,69,-101,0x0000,None
1826,69,-101,0x0000,None
1827,69,-101,0x0000,None
1828,69,-101,0x0000,None
1829,69,-101,0x0000,None
1830,69,-101,0x0000,None
1831,69,-101,0x0000,None
1832,69,-101,0x0000,None
1833,69,-101,0x0000,None
1834,69,-101,0x0000,None
1835,69,-101,0x0000,None
1836,69,-101,0x0000,None
1837,69,-101,0x0000,None
1838,69,-101,0x0000,None
1839,69,-101,0x0000,None
1840,69,-101,0x0000,None
1841,69,-101,0x0000,None
1842,69,-101,0x0000,None
1843,69,-101,0x0000,None
1844,69,-101,0x0000,None
1845,69,-101,0x0000,None
1846,69,-101,0x0000,None
1847,69,-101,0x0000,None
1848,69,-101,0x0000,None
1849,69,-101,0x0000,None
1850,69,-101,0x0000,None
1851,69,-101,0x0000,None
1852,69,-101,0x0000,None
1853,69,-101,0x0000,None
1854,69,-101,0x0000,None
1855,69,-101,0x0000,None
1856,69,-101,0x0000,None
1857,69,-101,0x0000,None
1858,69,-101,0x0000,None
1859,69,-101,0x0000,None
1860,69,-101,0x0000,None
1861,69,-101,0x0000,None
1862,69,-101,0x0000,None
1863,69,-101,0x0000,None
1864,69,-101,0x0000,None
1865,69,-101,0x0000,None
1866,69,-101,0x0000,None
1867,69,-101,0x0000,None
1868,69,-101,0x0000,None
1869,69,-101,0x0000,None
1870,69,-101,0x0000,None
1871,69,-101,0x0000,None
1872,69,-101,0x0000,None
1873,69,-101,0x0000,None
1874,69,-101,0x0000,None
1875,69,-101,0x0000,None
1876,69,-101,0x0000,None
1877,69,-101,0x0000,None
1878,69,-101,0x0000,None
1879,69,-101,0x0000,None
1880,69,-101,0x0000,None
1881,69,-101,0x0000,None
1882,69,-101,0x0000,None
1883,69,-101,0x0000,None
1884,69,-101,0x0000,None
1885,69,-101,0x0000,None
1886,69,-101,0x0000,None
1887,69,-101,0x0000,None
1888,69,-101,0x0000,None
1889,69,-101,0x0000,None
1890,69,-101,0x0000,None
1891,69,-101,0x0000,None
1892,69,-101,0x0000,None
1893,69,-101,0x0000,None
1894,69,-101,0x0000,None
1895,69,-101,0x0000,None
1896,69,-101,0x0000,None
1897,69,-101,0x0000,None
1898,69,-101,0x0000,None
1899,69,-101,0x0000,None
1900,69,-101,0x0000,None
1901,69,-101,0x0000,None
1902,69,-101,0x0000,None
1903,69,-101,0x0000,None
1904,69,-101,0x0000,None
1905,69,-101,0x0000,None
1906,69,-101,0x0000,None
1907,69,-101,0x0000,None
1908,69,-101,0x0000,None
1909,69,-101,0x0000,None
1910,69,-101,0x0000,None
1911,69,-101,0x0000,None
1912,69,-101,0x0000,None
1913,69,-101,0x0000,None
1914,69,-101,0x0000,None
1915,69,-101,0x0000,None
1916,69,-101,0x0000,None
1917,69,-101,0x0000,None
1918,71,-101,0x0000,None
1919,71,-101,0x0000,None
1920,44,-78,0x0000,None
1921,0,0,0x0000,None
1922,-22,6,0x0000,None
1923,-92,82,0x0000,None
1924,-92,82,0x0000,None
1925,-92,82,0x0000,None
1926,-92,82,0x0000,None
1927,-92,82,0x0000,None
1928,-92,82,0x0000,None
1929,-92,82,0x0000,None
1930,-92,82,0x0000,None
1931,-92,82,0x0000,None
1932,-92,82,0x0000,None
1933,-92,82,0x0000,None
1934,-92,82,0x0000,None
1935,-92,82,0x0000,None
1936,-92,82,0x0000,None
1937,-92,82,0x0000,None
1938,-92,82,0x0000,None
1939,-92,82,0x0000,None
1940,-92,82,0x0000,None
1941,-92,82,0x0000,None
1942,-92,82,0x0000,None
1943,-89,81,0x0000,None
1944,-89,81,0x0000,None
1945,-89,81,0x0000,None
1946,-89,81,0x0000,None
1947,-89,81,0x0000,None
1948,-80,87,0x0000,None
1949,-80,87,0x0000,None
1950,-78,89,0x0000,None
1951,-78,89,0x0000,None
1952,-78,89,0x0000,None
1953,-78,89,0x0000,None
1954,-75,91,0x0000,None
1955,-75,91,0x0000,None
1956,-75,91,0x0000,None
1957,-75,91,0x0000,None
1958,-75,91,0x0000,None
1959,-75,91,0x0000,None
1960,-75,94,0x0000,None
1961,-71,94,0x0000,None
1962,-71,94,0x0000,None
1963,-71,94,0x0000,None
1964,-71,94,0x0000,None
1965,-71,94,0x0000,None
1966,-71,94,0x0000,None
1967,-71,94,0x0000,None
1968,-71,94,0x0000,None
1969,-71,94,0x0000,None
1970,-71,94,0x0000,None
1971,-71,94,0x0000,None
1972,-71,94,0x0000,None
1973,-71,94,0x0000,None
1974,-71,94,0x0000,None
1975,-71,94,0x0000,None
1976,-69,94,0x0000,None
1977,-69,94,0x0000,None
1978,-69,94,0x0000,None
1979,-69,94,0x0000,None
1980,-69,94,0x0000,None
1981,-69,94,0x0000,None
1982,-69,94,0x0000,None
1983,-69,94,0x0000,None
1984,-69,94,0x0000,None
1985,-69,94,0x0000,None
1986,-69,96,0x0000,None
1987,-69,96,0x0000,None
1988,-69,96,0x0000,None
1989,-69,96,0x0000,None
1990,-69,96,0x0000,None
1991,-69,96,0x0000,None
1992,-69,96,0x0000,None
1993,-69,96,0x0000,None
1994,-69,96,0x0000,None
1995,-69,96,0x0000,None
1996,-69,96,0x0000,None
1997,-69,96,0x0000,None
1998,-69,96,0x0000,None
1999,-69,96,0x0000,None
2000,-69,96,0x0000,None
2001,-69,96,0x0000,None
2002,-69,96,0x0000,None
2003,-69,96,0x0000,None
2004,-66,96,0x0000,None
2005,-66,96,0x0000,None
2006,-66,96,0x0000,None
2007,-66,96,0x0000,None
2008,-66,96,0x0000,None
2009,-66,96,0x0000,None
2010,-66,96,0x0000,None
2011,-66,96,0x0000,None
2012,-66,96,0x0000,None
2013,-66,96,0x0000,None
2014,-66,96,0x0000,None
2015,-66,96,0x0000,None
2016,-66,96,0x0000,None
2017,-66,96,0x0000,None
2018,-66,96,0x0000,None
2019,-66,96,0x0000,None
2020,-66,96,0x0000,None
2021,-66,96,0x0000,None
2022,-66,96,0x0000,None
2023,-61,96,0x0000,None
2024,-56,98,0x0000,None
2025,-46,110,0x0000,None
2026,-24,114,0x0000,None
2027,-19,108,0x0000,None
2028,-18,80,0x0000,None
2029,-11,5,0x0000,None
2030,-29,-15,0x0000,None
2031,-50,-44,0x0000,None
2032,-85,-89,0x0000,None
2033,-89,-85,0x0000,None
2034,-92,-80,0x0000,None
2035,-105,-65,0x0000,None
2036,-105,-65,0x0000,None
2037,-107,-61,0x0000,None
2038,-107,-61,0x0000,None
2039,-107,-61,0x0000,None
2040,-107,-61,0x0000,None
2041,-107,-61,0x0000,None
2042,-107,-61,0x0000,None
2043,-108,-59,0x0000,None
2044,-110,-56,0x0000,None
2045,-110,-56,0x0000,None
2046,-111,-54,0x0000,None
2047,-111,-54,0x0000,None
2048,-111,-54,0x0000,None
2049,-111,-54,0x0000,None
2050,-111,-54,0x0000,None
2051,-111,-54,0x0000,None
2052,-111,-54,0x0000,None
2053,-111,-54,0x0000,None
2054,-111,-54,0x0000,None
2055,-111,-54,0x0000,None
2056,-111,-54,0x0000,None
2057,-111,-54,0x0000,None
2058,-111,-54,0x0000,None
2059,-111,-54,0x0000,None
2060,-111,-54,0x0000,None
2061,-112,-51,0x0000,None
2062,-112,-51,0x0000,None
2063,-112,-51,0x0000,None
2064,-112,-51,0x0000,None
2065,-112,-51,0x0000,None
2066,-112,-51,0x0000,None
2067,-112,-51,0x0000,None
2068,-112,-51,0x0000,None
2069,-112,-51,0x0000,None
2070,-112,-51,0x0000,None
2071,-112,-51,0x0000,None
2072,-112,-51,0x0000,None
2073,-112,-51,0x0000,None
2074,-112,-51,0x0000,None
2075,-112,-51,0x0000,None
2076,-112,-51,0x0000,None
2077,-112,-51,0x0000,None
2078,-112,-51,0x0000,None
2079,-112,-51,0x0000,None
2080,-112,-51,0x0000,None
2081,-112,-51,0x0000,None
2082,-112,-51,0x0000,None
2083,-112,-51,0x0000,None
2084,-112,-51,0x0000,None
2085,-112,-51,0x0000,None
2086,-112,-51,0x0000,None
2087,-112,-51,0x0000,None
2088,-112,-51,0x0000,None
2089,-112,-51,0x0000,None
2090,-112,-51,0x0000,None
2091,-112,-51,0x0000,None
2092,-112,-51,0x0000,None
2093,-112,-51,0x0000,None
2094,-112,-51,0x0000,None
2095,-112,-51,0x0000,None
2096,-112,-51,0x0000,None
2097,-114,-49,0x0000,None
2098,-115,-48,0x0000,None
2099,-115,-48,0x0000,None
2100,-115,-48,0x0000,None
2101,-115,-48,0x0000,None
2102,-115,-48,0x0000,None
2103,-115,-48,0x0000,None
2104,-115,-48,0x0000,None
2105,-115,-48,0x0000,None
2106,-115,-48,0x0000,None
2107,-115,-48,0x0000,None
2108,-115,-48,0x0000,None
2109,-115,-48,0x0000,None
2110,-115,-48,0x0000,None
2111,-115,-48,0x0000,None
2112,-115,-48,0x0000,None
2113,-115,-48,0x0000,None
2114,-115,-48,0x0000,None
2115,-115,-48,0x0000,None
2116,-115,-48,0x0000,None
2117,-115,-48,0x0000,None
2118,-115,-48,0x0000,None
2119,-115,-48,0x0000,None
2120,-115,-48,0x0000,None
2121,-115,-48,0x0000,None
2122,-115,-48,0x0000,None
2123,-115,-48,0x0000,None
2124,-115,-48,0x0000,None
2125,-115,-48,0x0000,None
2126,-115,-48,0x0000,None
2127,-115,-48,0x0000,None
2128,-112,-51,0x0000,None
2129,-109,-58,0x0000,None
2130,-74,-74,0x0000,None
2131,0,-7,0x0000,None
2132,86,52,0x0000,None
2133,100,72,0x0000,None
2134,100,72,0x0000,None
2135,101,71,0x0000,None
2136,104,69,0x0000,None
2137,108,61,0x0000,None
2138,108,61,0x0000,None
2139,108,61,0x0000,None
2140,108,61,0x0000,None
2141,108,61,0x0000,None
2142,108,61,0x0000,None
2143,108,61,0x0000,None
2144,108,61,0x0000,None
2145,108,61,0x0000,None
2146,108,61,0x0000,None
2147,108,61,0x0000,None
2148,108,61,0x0000,None
2149,108,61,0x0000,None
2150,108,61,0x0000,None
2151,108,61,0x0000,None
2152,108,61,0x0000,None
2153,108,61,0x0000,None
2154,108,61,0x0000,None
2155,108,61,0x0000,None
2156,108,61,0x0000,None
2157,108,61,0x0000,None
2158,108,61,0x0000,None
2159,108,61,0x0000,None
2160,108,61,0x0000,None
2161,108,61,0x0000,None
2162,108,61,0x0000,None
2163,108,61,0x0000,None
2164,108,61,0x0000,None
2165,108,61,0x0000,None
2166,108,61,0x0000,None
2167,108,61,0x0000,None
2168,108,61,0x0000,None
2169,108,61,0x0000,None
2170,108,61,0x0000,None
2171,108,61,0x0000,None
2172,108,61,0x0000,None
2173,108,61,0x0000,None
2174,108,61,0x0000,None
2175,108,61,0x0000,None
2176,108,61,0x0000,None
2177,108,61,0x0000,None
2178,108,61,0x0000,None
2179,108,61,0x0000,None
2180,108,61,0x0000,None
2181,108,61,0x0000,None
2182,108,61,0x0000,None
2183,108,61,0x0000,None
2184,108,61,0x0000,None
2185,108,61,0x0000,None
2186,108,61,0x0000,None
2187,108,61,0x0000,None
2188,108,61,0x0000,None
2189,108,61,0x0000,None
2190,108,61,0x0000,None
2191,108,61,0x0000,None
2192,108,61,0x0000,None
2193,108,61,0x0000,None
2194,108,61,0x0000,None
2195,107,64,0x0000,None
2196,107,64,0x0000,None
2197,107,64,0x0000,None
2198,107,64,0x0000,None
2199,107,64,0x0000,None
2200,107,64,0x0000,None
2201,107,64,0x0000,None
2202,107,64,0x0000,None
2203,107,64,0x0000,None
2204,107,64,0x0000,None
2205,107,64,0x0000,None
2206,107,64,0x0000,None
2207,107,64,0x0000,None
2208,107,64,0x0000,None
2209,107,64,0x0000,None
2210,107,64,0x0000,None
2211,107,64,0x0000,None
2212,107,64,0x0000,None
2213,107,64,0x0000,None
2214,107,64,0x0000,None
2215,107,64,0x0000,None
2216,107,64,0x0000,None
2217,107,64,0x0000,None
2218,107,64,0x0000,None
2219,107,64,0x0000,None
2220,107,64,0x0000,None
2221,107,64,0x0000,None
2222,107,64,0x0000,None
2223,107,65,0x0000,None
2224,107,65,0x0000,None
2225,107,65,0x0000,None
2226,107,65,0x0000,None
2227,107,65,0x0000,None
2228,107,65,0x0000,None
2229,107,65,0x0000,None
2230,107,65,0x0000,None
2231,106,66,0x0000,None
2232,106,66,0x0000,None
2233,106,66,0x0000,None
2234,106,66,0x0000,None
2235,106,66,0x0000,None
2236,106,66,0x0000,None
2237,106,66,0x0000,None
2238,106,66,0x0000,None
2239,106,66,0x0000,None
2240,106,66,0x0000,None
2241,106,66,0x0000,None
2242,106,66,0x0000,None
2243,106,66,0x0000,None
2244,106,66,0x0000,None
2245,106,66,0x0000,None
2246,106,66,0x0000,None
2247,104,68,0x0000,None
2248,104,68,0x0000,None
2249,106,66,0x0000,None
2250,110,58,0x0000,None
2251,0,0,0x0000,None
2252,0,0,0x0000,None
2253,0,0,0x0000,None
2254,0,0,0x0000,None
2255,0,0,0x0000,None
2256,0,0,0x0000,None
2257,0,0,0x0000,None
2258,0,0,0x0000,None
2259,0,0,0x0000,None
2260,0,0,0x0000,None
2261,0,0,0x0000,None
2262,0,0,0x0000,None
2263,0,0,0x0000,None
2264,0,0,0x0000,None
2265,0,0,0x0000,None
2266,0,0,0x0000,None
2267,0,0,0x0000,None
2268,0,0,0x0000,None
2269,0,0,0x0000,None
2270,0,0,0x0000,None
2271,0,0,0x0000,None
2272,0,0,0x0000,None
2273,0,0,0x0000,None
2274,0,0,0x0000,None
2275,0,0,0x0000,None
2276,0,0,0x0000,None
2277,0,0,0x0000,None
2278,0,0,0x0000,None
2279,0,0,0x0000,None
2280,0,0,0x0000,None
2281,0,0,0x0000,None
2282,0,0,0x0000,None
2283,0,0,0x0000,None
2284,0,0,0x0000,None
2285,0,0,0x0000,None
2286,0,0,0x0000,None
2287,0,0,0x0000,None
2288,0,0,0x0000,None
2289,0,0,0x0000,None
2290,0,0,0x0000,None
2291,0,0,0x0000,None
2292,0,0,0x0000,None
2293,0,0,0x0000,None
2294,0,0,0x0000,None
2295,0,0,0x0000,None
2296,0,0,0x0000,None
2297,0,0,0x0000,None
2298,0,0,0x0000,None
2299,0,0,0x0000,None
2300,0,0,0x0000,None
2301,0,0,0x0000,None
2302,0,0,0x0000,None
2303,0,0,0x0000,None
2304,0,0,0x0000,None
2305,0,0,0x0000,None
2306,0,0,0x0000,None
2307,0,0,0x0000,None
2308,0,0,0x0000,None
2309,0,0,0x0000,None
2310,0,0,0x0000,None
2311,0,0,0x0000,None
2312,0,0,0x0000,None
2313,0,0,0x0000,None
2314,0,0,0x0000,None
2315,0,0,0x0000,None
2316,0,0,0x0000,None
2317,0,0,0x0000,None
2318,0,0,0x0000,None
2319,0,0,0x0000,None
2320,0,0,0x0000,None
2321,0,0,0x0000,None
2322,0,0,0x0000,None
2323,0,0,0x0000,None
2324,0,0,0x0000,None
2325,0,0,0x0000,None
2326,0,0,0x0000,None
2327,0,0,0x0000,None
2328,0,0,0x0000,None
2329,0,0,0x0000,None
2330,0,0,0x0000,None
2331,0,0,0x0000,None
2332,0,0,0x0000,None
2333,0,0,0x0000,None
2334,0,0,0x0000,None
2335,0,0,0x0000,None
2336,0,0,0x0000,None
2337,0,0,0x0000,None
2338,0,0,0x0000,None
2339,0,0,0x0000,None
2340,0,0,0x0000,None
2341,0,0,0x0000,None
2342,0,0,0x0000,None
2343,0,0,0x0000,None
2344,0,0,0x0000,None
2345,0,0,0x0000,None
2346,0,0,0x0000,None
2347,0,0,0x0000,None
2348,0,0,0x0000,None
2349,0,0,0x0000,None
2350,0,0,0x0000,None
2351,0,0,0x0000,None
2352,0,0,0x0000,None
2353,0,0,0x0000,None
2354,0,0,0x0000,None
2355,0,0,0x0000,None
2356,0,0,0x0000,None
2357,0,0,0x0000,None
2358,0,0,0x0000,None
2359,0,0,0x0000,None
2360,0,0,0x0000,None
2361,0,0,0x0000,None
2362,0,0,0x0000,None
2363,0,0,0x0000,None
2364,0,0,0x0000,None
2365,0,0,0x0000,None
2366,0,0,0x0000,None
2367,0,0,0x0000,None
2368,0,0,0x0000,None
2369,0,0,0x0000,None
2370,0,0,0x0000,None
2371,0,0,0x0000,None
2372,0,0,0x0000,None
2373,0,0,0x0000,None
2374,0,0,0x0000,None
2375,0,0,0x0000,None
2376,0,0,0x0000,None
2377,0,0,0x0000,None
2378,0,0,0x0000,None
2379,0,0,0x0000,None
2380,0,0,0x0000,None
2381,0,0,0x0000,None
2382,0,0,0x0000,None
2383,0,0,0x0000,None
2384,0,0,0x0000,None
2385,0,0,0x0000,None
2386,0,0,0x0000,None
2387,0,0,0x0000,None
2388,0,0,0x0000,None
2389,0,0,0x0000,None
2390,0,0,0x0000,None
2391,0,0,0x0000,None
2392,0,0,0x0000,None
2393,0,0,0x0000,None
2394,0,0,0x0000,None
2395,0,0,0x0000,None
2396,0,0,0x0000,None
2397,0,0,0x0000,None
2398,0,0,0x0000,None
2399,0,0,0x0000,None
2400,0,0,0x0000,None
2401,0,0,0x0000,None
2402,0,0,0x0000,None
2403,0,0,0x0000,None
2404,0,0,0x0000,None
2405,0,0,0x0000,None
2406,0,0,0x0000,None
2407,0,0,0x0000,None
2408,0,0,0x0000,None
2409,0,0,0x0000,None
2410,0,0,0x0000,None
2411,0,0,0x0000,None
2412,0,0,0x0000,None
2413,0,0,0x0000,None
2414,0,0,0x0000,None
2415,0,0,0x0000,None
2416,0,0,0x0000,None
2417,0,0,0x0000,None
2418,0,0,0x0000,None
2419,0,0,0x0000,None
2420,0,0,0x0000,None
2421,0,0,0x0000,None
2422,0,0,0x0000,None
2423,0,0,0x0000,None
2424,0,0,0x0000,None
2425,0,0,0x0000,None
2426,0,0,0x0000,None
2427,0,0,0x0000,None
2428,0,0,0x0000,None
2429,0,0,0x0000,None
2430,0,0,0x0000,None
2431,0,0,0x0000,None
2432,0,0,0x0000,None
2433,0,0,0x0000,None
2434,0,0,0x0000,None
2435,0,0,0x0000,None
2436,0,0,0x0000,None
2437,0,0,0x0000,None
2438,0,0,0x0000,None
2439,0,0,0x0000,None
2440,0,0,0x0000,None
2441,0,0,0x0000,None
2442,0,0,0x0000,None
2443,0,0,0x0000,None
2444,0,0,0x0000,None
2445,0,0,0x0000,None
2446,0,0,0x0000,None
2447,0,0,0x0000,None
2448,0,0,0x0000,None
2449,0,0,0x0000,None
2450,0,0,0x0000,None
2451,0,0,0x0000,None
2452,0,0,0x0000,None
2453,0,0,0x0000,None
2454,0,0,0x0000,None
2455,0,0,0x0000,None
2456,0,0,0x0000,None
2457,0,0,0x0000,None
2458,0,0,0x0000,None
2459,0,0,0x0000,None
2460,0,0,0x0000,None
2461,0,0,0x0000,None
2462,0,0,0x0000,None
2463,0,0,0x0000,None
2464,0,0,0x0000,None
2465,0,0,0x0000,None
2466,0,0,0x0000,None
2467,0,0,0x0000,None
2468,0,0,0x0000,None
2469,0,0,0x0000,None
2470,0,0,0x0000,None
2471,0,0,0x0000,None
2472,0,0,0x0000,None
2473,0,0,0x0000,None
2474,0,0,0x0000,None
2475,0,0,0x0000,None
2476,0,0,0x0000,None
2477,0,0,0x0000,None
2478,0,0,0x0000,None
2479,0,0,0x0000,None
2480,0,0,0x0000,None
2481,0,0,0x0000,None
2482,0,0,0x0000,None
2483,0,0,0x0000,None
2484,0,0,0x0000,None
2485,0,0,0x0000,None
2486,0,0,0x0000,None
2487,0,0,0x0000,None
2488,0,0,0x0000,None
2489,0,0,0x0000,None
2490,0,0,0x0000,None
2491,0,0,0x0000,None
2492,0,0,0x0000,None
2493,0,0,0x0000,None
2494,0,0,0x0000,None
2495,0,0,0x0000,None
2496,0,0,0x0000,None
2497,0,0,0x0000,None
2498,0,0,0x0000,None
2499,0,0,0x0000,None
2500,0,0,0x0000,None
2501,0,0,0x0000,None
2502,0,0,0x0000,None
2503,0,0,0x0000,None
2504,0,0,0x0000,None
2505,0,0,0x0000,None
2506,0,0,0x0000,None
2507,0,0,0x0000,None
2508,0,0,0x0000,None
2509,0,0,0x0000,None
2510,0,0,0x0000,None
2511,0,0,0x0000,None
2512,0,0,0x0000,None
2513,0,0,0x0000,None
2514,0,0,0x0000,None
2515,0,0,0x0000,None
2516,0,0,0x0000,None
2517,0,0,0x0000,None
2518,0,0,0x0000,None
2519,0,0,0x0000,None
2520,0,0,0x0000,None
2521,0,0,0x0000,None
2522,0,0,0x0000,None
2523,0,0,0x0000,None
2524,0,0,0x0000,None
2525,0,0,0x0000,None
2526,0,0,0x0000,None
2527,0,0,0x0000,None
2528,0,0,0x0000,None
2529,0,0,0x0000,None
2530,0,0,0x0000,None
2531,0,0,0x0000,None
2532,0,0,0x0000,None
2533,0,0,0x0000,None
2534,0,0,0x0000,None
2535,0,0,0x0000,None
2536,0,0,0x0000,None
2537,0,0,0x0000,None
2538,0,0,0x0000,None
2539,0,0,0x0000,None
2540,0,0,0x0000,None
2541,0,0,0x0000,None
2542,0,0,0x0000,None
2543,0,0,0x0000,None
2544,0,0,0x0000,None
2545,0,0,0x0000,None
2546,0,0,0x0000,None
2547,0,0,0x0000,None
2548,0,0,0x0000,None
2549,0,0,0x0000,None
2550,0,0,0x0000,None
2551,0,0,0x0000,None
2552,0,0,0x0000,None
2553,0,0,0x0000,None
2554,0,0,0x0000,None
2555,0,0,0x0000,None
2556,0,0,0x0000,None
2557,0,0,0x0000,None
2558,0,0,0x0000,None
2559,0,0,0x0000,None
2560,0,0,0x0000,None
2561,0,0,0x0000,None
2562,0,0,0x0000,None
2563,0,0,0x0000,None
2564,0,0,0x0000,None
2565,0,0,0x0000,None
2566,0,0,0x0000,None
2567,0,0,0x0000,None
2568,0,0,0x0000,None
2569,0,0,0x0000,None
2570,0,0,0x0000,None
2571,0,0,0x0000,None
2572,0,0,0x0000,None
2573,0,0,0x0000,None
2574,0,0,0x0000,None
2575,0,0,0x0000,None
2576,0,0,0x0000,None
2577,0,0,0x0000,None
2578,0,0,0x0000,None
2579,0,0,0x0000,None
2580,0,0,0x0000,None
2581,0,0,0x0000,None
2582,0,0,0x0000,None
2583,0,0,0x0000,None
2584,0,0,0x0000,None
2585,0,0,0x0000,None
2586,0,0,0x0000,None
2587,0,0,0x0000,None
2588,0,0,0x0000,None
2589,0,0,0x0000,None
2590,0,0,0x0000,None
2591,0,0,0x0000,None
2592,0,0,0x0000,None
2593,0,0,0x0000,None
2594,0,0,0x0000,None
2595,0,0,0x0000,None
2596,0,0,0x0000,None
2597,0,0,0x0000,None
2598,0,0,0x0000,None
2599,0,0,0x0000,None
2600,0,0,0x0000,None
2601,0,0,0x0000,None
2602,0,0,0x0000,None
2603,0,0,0x0000,None
2604,0,0,0x0000,None
2605,0,0,0x0000,None
2606,0,0,0x0000,None
2607,0,0,0x0000,None
2608,0,0,0x0000,None
2609,0,0,0x0000,None
2610,0,0,0x0000,None
2611,0,0,0x0000,None
2612,0,0,0x0000,None
2613,0,0,0x0000,None
2614,0,0,0x0000,None
2615,0,0,0x0000,None
2616,0,0,0x0000,None
2617,0,0,0x0000,None
2618,0,0,0x0000,None
2619,0,0,0x0000,None
2620,0,0,0x0000,None
2621,0,0,0x0000,None
2622,0,0,0x0000,None
2623,0,0,0x0000,None
2624,0,0,0x0000,None
2625,0,0,0x0000,None
2626,0,0,0x0000,None
2627,0,0,0x0000,None
2628,0,0,0x0000,None
2629,0,0,0x0000,None
2630,0,0,0x0000,None
2631,0,0,0x0000,None
2632,0,0,0x0000,None
2633,0,0,0x0000,None
2634,0,0,0x0000,None
2635,0,0,0x0000,None
2636,0,0,0x0000,None
2637,0,0,0x0000,None
2638,0,0,0x0000,None
2639,0,0,0x0000,None
2640,0,0,0x0000,None
2641,0,0,0x0000,None
2642,0,0,0x0000,None
2643,0,0,0x0000,None
2644,0,0,0x0000,None
2645,0,0,0x0000,None
2646,0,0,0x0000,None
2647,0,0,0x0000,None
2648,0,0,0x0000,None
2649,0,0,0x0000,None
2650,0,0,0x0000,None
2651,0,0,0x0000,None
2652,0,0,0x0000,None
2653,0,0,0x0000,None
2654,0,0,0x0000,None
2655,0,0,0x0000,None
2656,0,0,0x0000,None
2657,0,0,0x0000,None
2658,0,0,0x0000,None
2659,0,0,0x0000,None
2660,0,0,0x0000,None
2661,0,0,0x0000,None
2662,0,0,0x0000,None
2663,0,0,0x0000,None
2664,0,0,0x0000,None
2665,0,0,0x0000,None
2666,0,0,0x0000,None
2667,0,0,0x0000,None
2668,0,0,0x0000,None
2669,0,0,0x0000,None
2670,0,0,0x0000,None
2671,0,0,0x0000,None
2672,0,0,0x0000,None
2673,0,0,0x0000,None
2674,0,0,0x0000,None
2675,0,0,0x0000,None
2676,0,0,0x0000,None
2677,0,0,0x0000,None
2678,0,0,0x0000,None
2679,0,0,0x0000,None
2680,0,0,0x0000,None
2681,0,0,0x0000,None
2682,0,0,0x0000,None
2683,0,0,0x0000,None
2684,0,0,0x0000,None
2685,0,0,0x0000,None
2686,0,0,0x0000,None
2687,0,0,0x0000,None
2688,0,0,0x0000,None
2689,0,0,0x0000,None
2690,0,0,0x0000,None
2691,0,0,0x0000,None
2692,0,0,0x0000,None
2693,0,0,0x0000,None
2694,0,0,0x0000,None
2695,0,0,0x0000,None
2696,0,0,0x0000,None
2697,0,0,0x0000,None
2698,0,0,0x0000,None
2699,0,0,0x0000,None
2700,0,0,0x0000,None
2701,0,0,0x0000,None
2702,0,0,0x0000,None
2703,0,0,0x0000,None
2704,0,0,0x0000,None
2705,0,0,0x0000,None
2706,0,0,0x0000,None
2707,0,0,0x0000,None
2708,0,0,0x0000,None
2709,0,0,0x0000,None
2710,0,0,0x0000,None
2711,0,0,0x0000,None
2712,0,0,0x0000,None
2713,0,0,0x0000,None
2714,0,0,0x0000,None
2715,0,0,0x0000,None
2716,0,0,0x0000,None
2717,0,0,0x0000,None
2718,0,0,0x0000,None
2719,0,0,0x0000,None
2720,0,0,0x0000,None
2721,0,0,0x0000,None
2722,0,0,0x0000,None
2723,0,0,0x0000,None
2724,0,0,0x0000,None
2725,0,0,0x0000,None
2726,0,0,0x0000,None
2727,0,0,0x0000,None
2728,0,0,0x0000,None
2729,0,0,0x0000,None
2730,0,0,0x0000,None
2731,0,0,0x0000,None
2732,0,0,0x0000,None
2733,0,0,0x0000,None
2734,0,0,0x0000,None
2735,0,0,0x0000,None
2736,0,0,0x0000,None
2737,0,0,0x0000,None
2738,0,0,0x0000,None
2739,0,0,0x0000,None
2740,0,0,0x0000,None
2741,0,0,0x0000,None
2742,0,0,0x0000,None
2743,0,0,0x0000,None
2744,0,0,0x0000,None
2745,0,0,0x0000,None
2746,0,0,0x0000,None
2747,0,0,0x0000,None
2748,0,0,0x0000,None
2749,0,0,0x0000,None
2750,0,0,0x0000,None
2751,0,0,0x0000,None
2752,0,0,0x0000,None
2753,0,0,0x0000,None
2754,0,0,0x0000,None
2755,0,0,0x0000,None
2756,0,0,0x0000,None
2757,0,0,0x0000,None
2758,0,0,0x0000,None
2759,0,0,0x0000,None
2760,0,0,0x0000,None
2761,0,0,0x0000,None
2762,0,0,0x0000,None
2763,0,0,0x0000,None
2764,0,0,0x0000,None
2765,0,0,0x0000,None
2766,0,0,0x0000,None
2767,0,0,0x0000,None
2768,0,0,0x0000,None
2769,0,0,0x0000,None
2770,0,0,0x0000,None
2771,0,0,0x0000,None
2772,0,0,0x0000,None
2773,0,0,0x0000,None
2774,0,0,0x0000,None
2775,0,0,0x0000,None
2776,0,0,0x0000,None
2777,0,0,0x0000,None
2778,0,0,0x0000,None
2779,0,0,0x0000,None
2780,0,0,0x0000,None
2781,0,0,0x0000,None
2782,0,0,0x0000,None
2783,0,0,0x0000,None
2784,0,0,0x0000,None
2785,0,0,0x0000,None
2786,0,0,0x0000,None
2787,0,0,0x0000,None
2788,0,0,0x0000,None
2789,0,0,0x0000,None
2790,0,0,0x0000,None
2791,0,0,0x0000,None
2792,0,0,0x0000,None
2793,0,0,0x0000,None
2794,0,0,0x0000,None
2795,0,0,0x0000,None
2796,0,0,0x0000,None
2797,0,0,0x0000,None
2798,0,0,0x0000,None
2799,0,0,0x0000,None
2800,0,0,0x0000,None
2801,0,0,0x0000,None
2802,0,0,0x0000,None
2803,0,0,0x0000,None
2804,0,0,0x0000,None
2805,0,0,0x0000,None
2806,0,0,0x0000,None
2807,0,0,0x0000,None
2808,0,0,0x0000,None
2809,0,0,0x0000,None
2810,0,0,0x0000,None
2811,0,0,0x0000,None
2812,0,0,0x0000,None
2813,0,0,0x0000,None
2814,0,0,0x0000,None
2815,0,0,0x0000,None
2816,0,0,0x0000,None
2817,0,0,0x0000,None
2818,0,0,0x0000,None
2819,0,0,0x0000,None
2820,0,0,0x0000,None
2821,0,0,0x0000,None
2822,0,0,0x0000,None
2823,0,0,0x0000,None
2824,0,0,0x0000,None
2825,0,0,0x0000,None
2826,0,0,0x0000,None
2827,0,0,0x0000,None
2828,0,0,0x0000,None
2829,0,0,0x0000,None
2830,0,0,0x0000,None
2831,0,0,0x0000,None
2832,0,0,0x0000,None
2833,0,0,0x0000,None
2834,0,0,0x0000,None
2835,0,0,0x0000,None
2836,0,0,0x0000,None
2837,0,0,0x0000,None
2838,0,0,0x0000,None
2839,0,0,0x0000,None
2840,0,0,0x0000,None
2841,0,0,0x0000,None
2842,0,0,0x0000,None
2843,0,0,0x0000,None
2844,0,0,0x0000,None
2845,0,0,0x0000,None
2846,0,0,0x0000,None
2847,0,0,0x0000,None
2848,0,0,0x0000,None
2849,0,0,0x0000,None
2850,0,0,0x0000,None
2851,0,0,0x0000,None
2852,0,0,0x0000,None
2853,0,0,0x0000,None
2854,0,0,0x0000,None
2855,0,0,0x0000,None
2856,0,0,0x0000,None
2857,0,0,0x0000,None
2858,0,0,0x0000,None
2859,0,0,0x0000,None
2860,0,0,0x0000,None
2861,0,0,0x0000,None
2862,0,0,0x0000,None
2863,0,0,0x0000,None
2864,0,0,0x0000,None
2865,0,0,0x0000,None
2866,0,0,0x0000,None
2867,0,0,0x0000,None
2868,0,0,0x0000,None
2869,0,0,0x0000,None
2870,0,0,0x0000,None
2871,0,0,0x0000,None
2872,0,0,0x0000,None
2873,0,0,0x0000,None
2874,0,0,0x0000,None
2875,0,0,0x0000,None
2876,0,0,0x0000,None
2877,0,0,0x0000,None
2878,0,0,0x0000,None
2879,0,0,0x0000,None
2880,0,0,0x0000,None
2881,0,0,0x0000,None
2882,0,0,0x0000,None
2883,0,0,0x0000,None
2884,0,0,0x0000,None
2885,0,0,0x0000,None
2886,0,0,0x0000,None
2887,0,0,0x0000,None
2888,0,0,0x0000,None
2889,0,0,0x0000,None
2890,0,0,0x0000,None
2891,0,0,0x0000,None
2892,0,0,0x0000,None
2893,0,0,0x0000,None
2894,0,0,0x0000,None
2895,0,0,0x0000,None
2896,0,0,0x0000,None
2897,0,0,0x0000,None
2898,0,0,0x0000,None
2899,0,0,0x0000,None
2900,0,0,0x0000,None
2901,0,0,0x0000,None
2902,0,0,0x0000,None
2903,0,0,0x0000,None
2904,0,0,0x0000,None
2905,0,0,0x0000,None
2906,0,0,0x0000,None
2907,0,0,0x0000,None
2908,0,0,0x0000,None
2909,0,0,0x0000,None
2910,0,0,0x0000,None
2911,0,0,0x0000,None
2912,0,0,0x0000,None
2913,0,0,0x0000,None
2914,0,0,0x0000,None
2915,0,0,0x0000,None
2916,0,0,0x0000,None
2917,0,0,0x0000,None
2918,0,0,0x0000,None
2919,0,0,0x0000,None
2920,0,0,0x0000,None
2921,0,0,0x0000,None
2922,0,0,0x0000,None
2923,0,0,0x0000,None
2924,0,0,0x0000,None
2925,0,0,0x0000,None
2926,0,0,0x0000,None
2927,0,0,0x0000,None
2928,0,0,0x0000,None
2929,0,0,0x0000,None
2930,0,0,0x0000,None
2931,0,0,0x0000,None
2932,0,0,0x0000,None
2933,0,0,0x0000,None
2934,0,0,0x0000,None
2935,0,0,0x0000,None
2936,0,0,0x0000,None
2937,0,0,0x0000,None
2938,0,0,0x0000,None
2939,0,0,0x0000,None
2940,0,0,0x0000,None
2941,0,0,0x0000,None
2942,0,0,0x0000,None
2943,0,0,0x0000,None
2944,0,0,0x0000,None
2945,0,0,0x0000,None
2946,0,0,0x0000,None
2947,0,0,0x0000,None
2948,0,0,0x0000,None
2949,0,0,0x0000,None
2950,0,0,0x0000,None
2951,0,0,0x0000,None
2952,0,0,0x0000,None
2953,0,0,0x0000,None
2954,0,0,0x0000,None
2955,0,0,0x0000,None
2956,0,0,0x0000,None
2957,0,0,0x0000,None
2958,0,0,0x0000,None
2959,0,0,0x0000,None
2960,0,0,0x0000,None
2961,0,0,0x0000,None
2962,0,0,0x0000,None
2963,0,0,0x0000,None
2964,0,0,0x0000,None
2965,0,0,0x0000,None
2966,0,0,0x0000,None
2967,0,0,0x0000,None
2968,0,0,0x0000,None
2969,0,0,0x0000,None
2970,0,0,0x0000,None
2971,0,0,0x0000,None
2972,0,0,0x0000,None
2973,0,0,0x0000,None
2974,0,0,0x0000,None
2975,0,0,0x0000,None
2976,0,0,0x0000,None
2977,0,0,0x0000,None
2978,0,0,0x0000,None
2979,0,0,0x0000,None
2980,0,0,0x0000,None
2981,0,0,0x0000,None
2982,0,0,0x0000,None
2983,0,0,0x0000,None
2984,0,0,0x0000,None
2985,0,0,0x0000,None
2986,0,0,0x0000,None
2987,0,0,0x0000,None
2988,0,0,0x0000,None
2989,0,0,0x0000,None
2990,0,0,0x0000,None
2991,0,0,0x0000,None
2992,0,0,0x0000,None
2993,0,0,0x0000,None
2994,0,0,0x0000,None
2995,0,0,0x0000,None
2996,0,0,0x0000,None
2997,0,0,0x0000,None
2998,0,0,0x0000,None
2999,0,0,0x0000,None
3000,0,0,0x0000,None
3001,0,0,0x0000,None
3002,0,0,0x0000,None
3003,0,0,0x0000,None
3004,0,0,0x0000,None
3005,0,0,0x0000,None
3006,0,0,0x0000,None
3007,0,0,0x0000,None
3008,0,0,0x0000,None
3009,0,0,0x0000,None
3010,0,0,0x0000,None
3011,0,0,0x0000,None
3012,0,0,0x0000,None
3013,0,0,0x0000,None
3014,0,0,0x0000,None
3015,0,0,0x0000,None
3016,0,0,0x0000,None
3017,0,0,0x0000,None
3018,0,0,0x0000,None
3019,0,0,0x0000,None
3020,0,0,0x0000,None
3021,0,0,0x0000,None
3022,0,0,0x0000,None
3023,0,0,0x0000,None
3024,0,0,0x0000,None
3025,0,0,0x0000,None
3026,0,0,0x0000,None
3027,0,0,0x0000,None
3028,0,0,0x0000,None
3029,0,0,0x0000,None
3030,0,0,0x0000,None
3031,0,0,0x0000,None
3032,0,0,0x0000,None
3033,0,0,0x0000,None
3034,0,0,0x0000,None
3035,0,0,0x0000,None
3036,0,0,0x0000,None
3037,0,0,0x0000,None
3038,0,0,0x0000,None
3039,0,0,0x0000,None
3040,0,0,0x0000,None
3041,0,0,0x0000,None
3042,0,0,0x0000,None
3043,0,0,0x0000,None
3044,0,0,0x0000,None
3045,0,0,0x0000,None
3046,0,0,0x0000,None
3047,0,0,0x0000,None
3048,0,0,0x0000,None
3049,0,0,0x0000,None
3050,0,0,0x0000,None
3051,0,0,0x0000,None
3052,0,0,0x0000,None
3053,0,0,0x0000,None
3054,0,0,0x0000,None
3055,0,0,0x0000,None
3056,0,0,0x0000,None
3057,0,0,0x0000,None
3058,0,0,0x0000,None
3059,0,0,0x0000,None
3060,0,0,0x0000,None
3061,0,0,0x0000,None
3062,0,0,0x0000,None
3063,0,0,0x0000,None
3064,0,0,0x0000,None
3065,0,0,0x0000,None
3066,0,0,0x0000,None
3067,0,0,0x0000,None
3068,0,0,0x0000,None
3069,0,0,0x0000,None
3070,0,0,0x0000,None
3071,0,0,0x0000,None
3072,0,0,0x0000,None
3073,0,0,0x0000,None
3074,0,0,0x0000,None
3075,0,0,0x0000,None
3076,0,0,0x0000,None
3077,0,0,0x0000,None
3078,0,0,0x0000,None
3079,0,0,0x0000,None
3080,0,0,0x0000,None
3081,0,0,0x0000,None
3082,0,0,0x0000,None
3083,0,0,0x0000,None
3084,0,0,0x0000,None
3085,0,0,0x0000,None
3086,0,0,0x0000,None
3087,0,0,0x0000,None
3088,0,0,0x0000,None
3089,0,0,0x0000,None
3090,0,0,0x0000,None
3091,0,0,0x0000,None
3092,0,0,0x0000,None
3093,0,0,0x0000,None
3094,0,0,0x0000,None
3095,0,0,0x0000,None
3096,0,0,0x0000,None
3097,0,0,0x0000,None
3098,0,0,0x0000,None
3099,0,0,0x0000,None
3100,0,0,0x0000,None
3101,0,0,0x0000,None
3102,0,0,0x0000,None
3103,0,0,0x0000,None
3104,0,0,0x0000,None
3105,0,0,0x0000,None
3106,0,0,0x0000,None
3107,0,0,0x0000,None
3108,0,0,0x0000,None
3109,0,0,0x0000,None
3110,0,0,0x0000,None
3111,0,0,0x0000,None
3112,0,0,0x0000,None
3113,0,0,0x0000,None
3114,0,0,0x0000,None
3115,0,0,0x0000,None
3116,0,0,0x0000,None
3117,0,0,0x0000,None
3118,0,0,0x0000,None
3119,0,0,0x0000,None
3120,0,0,0x0000,None
3121,0,0,0x0000,None
3122,0,0,0x0000,None
3123,0,0,0x0000,None
3124,0,0,0x0000,None
3125,0,0,0x0000,None
3126,0,0,0x0000,None
3127,0,0,0x0000,None
3128,0,0,0x0000,None
3129,0,0,0x0000,None
3130,0,0,0x0000,None
3131,0,0,0x0000,None
3132,0,0,0x0000,None
3133,0,0,0x0000,None
3134,0,0,0x0000,None
3135,0,0,0x0000,None
3136,0,0,0x0000,None
3137,0,0,0x0000,None
3138,0,0,0x0000,None
3139,0,0,0x0000,None
3140,0,0,0x0000,None
3141,0,0,0x0000,None
3142,0,0,0x0000,None
3143,0,0,0x0000,None
3144,0,0,0x0000,None
3145,0,0,0x0000,None
3146,0,0,0x0000,None
3147,0,0,0x0000,None
3148,0,0,0x0000,None
3149,0,0,0x0000,None
3150,0,0,0x0000,None
3151,0,0,0x0000,None
3152,0,0,0x0000,None
3153,0,0,0x0000,None
3154,0,0,0x0000,None
3155,0,0,0x0000,None
3156,0,0,0x0000,None
3157,0,0,0x0000,None
3158,0,0,0x0000,None
3159,0,0,0x0000,None
3160,0,0,0x0000,None
3161,0,0,0x0000,None
3162,0,0,0x0000,None
3163,0,0,0x0000,None
3164,0,0,0x0000,None
3165,0,0,0x0000,None
3166,0,0,0x0000,None
3167,0,0,0x0000,None
3168,0,0,0x0000,None
3169,0,0,0x0000,None
3170,0,0,0x0000,None
3171,0,0,0x0000,None
3172,0,0,0x0000,None
3173,0,0,0x0000,None
3174,0,0,0x0000,None
3175,0,0,0x0000,None
3176,0,0,0x0000,None
3177,0,0,0x0000,None
3178,0,0,0x0000,None
3179,0,0,0x0000,None
3180,0,0,0x0000,None
3181,0,0,0x0000,None
3182,0,0,0x0000,None
3183,0,0,0x0000,None
3184,0,0,0x0000,None
3185,0,0,0x0000,None
3186,0,0,0x0000,None
3187,0,0,0x0000,None
3188,0,0,0x0000,None
3189,0,0,0x0000,None
3190,0,0,0x0000,None
3191,0,0,0x0000,None
3192,0,0,0x0000,None
3193,0,0,0x0000,None
3194,0,0,0x0000,None
3195,0,0,0x0000,None
3196,0,0,0x0000,None
3197,0,0,0x0000,None
3198,0,0,0x0000,None
3199,0,0,0x0000,None
3200,0,0,0x0000,None
3201,0,0,0x0000,None
3202,0,0,0x0000,None
3203,0,0,0x0000,None
3204,0,0,0x0000,None
3205,0,0,0x0000,None
3206,0,0,0x0000,None
3207,0,0,0x0000,None
3208,0,0,0x0000,None
3209,0,0,0x0000,None
3210,0,0,0x0000,None
3211,0,0,0x0000,None
3212,0,0,0x0000,None
3213,0,0,0x0000,None
3214,0,0,0x0000,None
3215,0,0,0x0000,None
3216,0,0,0x0000,None
3217,0,0,0x0000,None
3218,0,0,0x0000,None
3219,0,0,0x0000,None
3220,0,0,0x0000,None
3221,0,0,0x0000,None
3222,0,0,0x0000,None
3223,0,0,0x0000,None
3224,0,0,0x0000,None
3225,0,0,0x0000,None
3226,0,0,0x0000,None
3227,0,0,0x0000,None
3228,0,0,0x0000,None
3229,0,0,0x0000,None
3230,0,0,0x0000,None
3231,0,0,0x0000,None
3232,0,0,0x0000,None
3233,0,0,0x0000,None
3234,0,0,0x0000,None
3235,0,0,0x0000,None
3236,0,0,0x0000,None
3237,0,0,0x0000,None
3238,0,0,0x0000,None
3239,0,0,0x0000,None
3240,0,0,0x0000,None
3241,0,0,0x0000,None
3242,0,0,0x0000,None
3243,0,0,0x0000,None
3244,0,0,0x0000,None
3245,0,0,0x0000,None
3246,0,0,0x0000,None
3247,0,0,0x0000,None
3248,0,0,0x0000,None
3249,0,0,0x0000,None
3250,0,0,0x0000,None
3251,0,0,0x0000,None
3252,0,0,0x0000,None
3253,0,0,0x0000,None
3254,0,0,0x0000,None
3255,0,0,0x0000,None
3256,0,0,0x0000,None
3257,0,0,0x0000,None
3258,0,0,0x0000,None
3259,0,0,0x0000,None
3260,0,0,0x0000,None
3261,0,0,0x0000,None
3262,0,0,0x0000,None
3263,0,0,0x0000,None
3264,0,0,0x0000,None
3265,0,0,0x0000,None
3266,0,0,0x0000,None
3267,0,0,0x0000,None
3268,0,0,0x0000,None
3269,0,0,0x0000,None
3270,0,0,0x0000,None
3271,0,0,0x0000,None
3272,0,0,0x0000,None
3273,0,0,0x0000,None
3274,0,0,0x0000,None
3275,0,0,0x0000,None
3276,0,0,0x0000,None
3277,0,0,0x0000,None
3278,0,0,0x0000,None
3279,0,0,0x0000,None
3280,0,0,0x0000,None
3281,0,0,0x0000,None
3282,0,0,0x0000,None
3283,0,0,0x0000,None
3284,0,0,0x0000,None
3285,0,0,0x0000,None
3286,0,0,0x0000,None
3287,0,0,0x0000,None
3288,0,0,0x0000,None
3289,0,0,0x0000,None
3290,0,0,0x0000,None
3291,0,0,0x0000,None
3292,0,0,0x0000,None
3293,0,0,0x0000,None
3294,0,0,0x0000,None
3295,0,0,0x0000,None
3296,0,0,0x0000,None
3297,0,0,0x0000,None
3298,0,0,0x0000,None
3299,0,0,0x0000,None
3300,0,0,0x0000,None
3301,0,0,0x0000,None
3302,0,0,0x0000,None
3303,0,0,0x0000,None
3304,0,0,0x0000,None
3305,0,0,0x0000,None
3306,0,0,0x0000,None
3307,0,0,0x0000,None
3308,0,0,0x0000,None
3309,0,0,0x0000,None
3310,0,0,0x0000,None
3311,0,0,0x0000,None
3312,0,0,0x0000,None
3313,0,0,0x0000,None
3314,0,0,0x0000,None
3315,0,0,0x0000,None
3316,0,0,0x0000,None
3317,0,0,0x0000,None
3318,0,0,0x0000,None
3319,0,0,0x0000,None
3320,0,0,0x0000,None
3321,0,0,0x0000,None
3322,0,0,0x0000,None
3323,0,0,0x0000,None
3324,0,0,0x0000,None
3325,0,0,0x0000,None
3326,0,0,0x0000,None
3327,0,0,0x0000,None
3328,0,0,0x0000,None
3329,0,0,0x0000,None
3330,0,0,0x0000,None
3331,0,0,0x0000,None
3332,0,0,0x0000,None
3333,0,0,0x0000,None
3334,0,0,0x0000,None
3335,0,0,0x0000,None
3336,0,0,0x0000,None
3337,0,0,0x0000,None
3338,0,0,0x0000,None
3339,0,0,0x0000,None
3340,0,0,0x0000,None
3341,0,0,0x0000,None
3342,0,0,0x0000,None
3343,0,0,0x0000,None
3344,0,0,0x0000,None
3345,0,0,0x0000,None
3346,0,0,0x0000,None
3347,0,0,0x0000,None
3348,0,0,0x0000,None
3349,0,0,0x0000,None
3350,0,0,0x0000,None
3351,0,0,0x0000,None
3352,0,0,0x0000,None
3353,0,0,0x0000,None
3354,0,0,0x0000,None
3355,0,0,0x0000,None
3356,0,0,0x0000,None
3357,0,0,0x0000,None
3358,0,0,0x0000,None
3359,0,0,0x0000,None
3360,0,0,0x0000,None
3361,0,0,0x0000,None
3362,0,0,0x0000,None
3363,0,0,0x0000,None
3364,0,0,0x0000,None
3365,0,0,0x0000,None
3366,0,0,0x0000,None
3367,0,0,0x0000,None
3368,0,0,0x0000,None
3369,0,0,0x0000,None
3370,0,0,0x0000,None
3371,0,0,0x0000,None
3372,0,0,0x0000,None
3373,0,0,0x0000,None
3374,0,0,0x0000,None
3375,0,0,0x0000,None
3376,0,0,0x0000,None
3377,0,0,0x0000,None
3378,0,0,0x0000,None
3379,0,0,0x0000,None
3380,0,0,0x0000,None
3381,0,0,0x0000,None
3382,0,0,0x0000,None
3383,0,0,0x0000,None
3384,0,0,0x0000,None
3385,0,0,0x0000,None
3386,0,0,0x0000,None
3387,0,0,0x0000,None
3388,0,0,0x0000,None
3389,0,0,0x0000,None
3390,0,0,0x0000,None
3391,0,0,0x0000,None
3392,0,0,0x0000,None
3393,0,0,0x0000,None
3394,0,0,0x0000,None
3395,0,0,0x0000,None
3396,0,0,0x0000,None
3397,0,0,0x0000,None
3398,0,0,0x0000,None
3399,0,0,0x0000,None
3400,0,0,0x0000,None
3401,0,0,0x0000,None
3402,0,0,0x0000,None
3403,0,0,0x0000,None
3404,0,0,0x0000,None
3405,0,0,0x0000,None
3406,0,0,0x0000,None
3407,0,0,0x0000,None
3408,0,0,0x0000,None
3409,0,0,0x0000,None
3410,0,0,0x0000,None
3411,0,0,0x0000,None
3412,0,0,0x0000,None
3413,0,0,0x0000,None
3414,0,0,0x0000,None
3415,0,0,0x0000,None
3416,0,0,0x0000,None
3417,0,0,0x0000,None
3418,0,0,0x0000,None
3419,0,0,0x0000,None
3420,0,0,0x0000,None
3421,0,0,0x0000,None
3422,0,0,0x0000,None
3423,0,0,0x0000,None
3424,0,0,0x0000,None
3425,0,0,0x0000,None
3426,0,0,0x0000,None
3427,0,0,0x0000,None
3428,0,0,0x0000,None
3429,0,0,0x0000,None
3430,0,0,0x0000,None
3431,0,0,0x0000,None
3432,0,0,0x0000,None
3433,0,0,0x0000,None
3434,0,0,0x0000,None
3435,0,0,0x0000,None
3436,0,0,0x0000,None
3437,0,0,0x0000,None
3438,0,0,0x0000,None
3439,0,0,0x0000,None
3440,0,0,0x0000,None
3441,0,0,0x0000,None
3442,0,0,0x0000,None
3443,0,0,0x0000,None
3444,0,0,0x0000,None
3445,0,0,0x0000,None
3446,0,0,0x0000,None
3447,0,0,0x0000,None
3448,0,0,0x0000,None
3449,0,0,0x0000,None
3450,0,0,0x0000,None
3451,0,0,0x0000,None
3452,0,0,0x0000,None
3453,0,0,0x0000,None
3454,0,0,0x0000,None
3455,0,0,0x0000,None
3456,0,0,0x0000,None
3457,0,0,0x0000,None
3458,0,0,0x0000,None
3459,0,0,0x0000,None
3460,0,0,0x0000,None
3461,0,0,0x0000,None
3462,0,0,0x0000,None
3463,0,0,0x0000,None
3464,0,0,0x0000,None
3465,0,0,0x0000,None
3466,0,0,0x0000,None
3467,0,0,0x0000,None
3468,0,0,0x0000,None
3469,0,0,0x0000,None
3470,0,0,0x0000,None
3471,0,0,0x0000,None
3472,0,0,0x0000,None
3473,0,0,0x0000,None
3474,0,0,0x0000,None
3475,0,0,0x0000,None
3476,0,0,0x0000,None
3477,0,0,0x0000,None
3478,0,0,0x0000,None
3479,0,0,0x0000,None
3480,0,0,0x0000,None
3481,0,0,0x0000,None
3482,0,0,0x0000,None
3483,0,0,0x0000,None
3484,0,0,0x0000,None
3485,0,0,0x0000,None
3486,0,0,0x0000,None
3487,0,0,0x0000,None
3488,0,0,0x0000,None
3489,0,0,0x0000,None
3490,0,0,0x0000,None
3491,0,0,0x0000,None
3492,0,0,0x0000,None
3493,0,0,0x0000,None
3494,0,0,0x0000,None
3495,0,0,0x0000,None
3496,0,0,0x0000,None
3497,0,0,0x0000,None
3498,0,0,0x0000,None
3499,0,0,0x0000,None
3500,0,0,0x0000,None
3501,0,0,0x0000,None
3502,0,0,0x0000,None
3503,0,0,0x0000,None
3504,0,0,0x0000,None
3505,0,0,0x0000,None
3506,0,0,0x0000,None
3507,0,0,0x0000,None
3508,0,0,0x0000,None
3509,0,0,0x0000,None
3510,0,0,0x0000,None
3511,0,0,0x0000,None
3512,0,0,0x0000,None
3513,0,0,0x0000,None
3514,0,0,0x0000,None
3515,0,0,0x0000,None
3516,0,0,0x0000,None
3517,0,0,0x0000,None
3518,0,0,0x0000,None
3519,0,0,0x0000,None
3520,0,0,0x0000,None
3521,0,0,0x0000,None
3522,0,0,0x0000,None
3523,0,0,0x0000,None
3524,0,0,0x0000,None
3525,0,0,0x0000,None
3526,0,0,0x0000,None
3527,0,0,0x0000,None
3528,0,0,0x0000,None
3529,0,0,0x0000,None
3530,0,0,0x0000,None
3531,0,0,0x0000,None
3532,0,0,0x0000,None
3533,0,0,0x0000,None
3534,0,0,0x0000,None
3535,0,0,0x0000,None
3536,0,0,0x0000,None
3537,0,0,0x0000,None
3538,0,0,0x0000,None
3539,0,0,0x0000,None
3540,0,0,0x0000,None
3541,0,0,0x0000,None
3542,0,0,0x0000,None
3543,0,0,0x0000,None
3544,0,0,0x0000,None
3545,0,0,0x0000,None
3546,0,0,0x0000,None
3547,0,0,0x0000,None
3548,0,0,0x0000,None
3549,0,0,0x0000,None
3550,0,0,0x0000,None
3551,0,0,0x0000,None
3552,0,0,0x0000,None
3553,0,0,0x0000,None
3554,0,0,0x0000,None
3555,0,0,0x0000,None
3556,0,0,0x0000,None
3557,0,0,0x0000,None
3558,0,0,0x0000,None
3559,0,0,0x0000,None
3560,0,0,0x0000,None
3561,0,0,0x0000,None
3562,0,0,0x0000,None
3563,0,0,0x0000,None
3564,0,0,0x0000,None
3565,0,0,0x0000,None
3566,0,0,0x0000,None
3567,0,0,0x0000,None
3568,0,0,0x0000,None
3569,0,0,0x0000,None
3570,0,0,0x0000,None
3571,0,0,0x0000,None
3572,0,0,0x0000,None
3573,0,0,0x0000,None
3574,0,0,0x0000,None
3575,0,0,0x0000,None
3576,0,0,0x0000,None
3577,0,0,0x0000,None
3578,0,0,0x0000,None
3579,0,0,0x0000,None
3580,0,0,0x0000,None
3581,0,0,0x0000,None
3582,0,0,0x0000,None
3583,0,0,0x0000,None
3584,0,0,0x0000,None
3585,0,0,0x0000,None
3586,0,0,0x0000,None
3587,0,0,0x0000,None
3588,0,0,0x0000,None
3589,0,0,0x0000,None
3590,0,0,0x0000,None
3591,0,0,0x0000,None
3592,0,0,0x0000,None
3593,0,0,0x0000,None
3594,0,0,0x0000,None
3595,0,0,0x0000,None
3596,0,0,0x0000,None
3597,0,0,0x0000,None
3598,0,0,0x0000,None
3599,0,0,0x0000,None
3600,0,0,0x0000,None
3601,0,0,0x0000,None
3602,0,0,0x0000,None
3603,0,0,0x0000,None
3604,0,0,0x0000,None
3605,0,0,0x0000,None
3606,0,0,0x0000,None
3607,0,0,0x0000,None
3608,0,0,0x0000,None
3609,0,0,0x0000,None
3610,0,0,0x0000,None
3611,0,0,0x0000,None
3612,0,0,0x0000,None
3613,0,0,0x0000,None
3614,0,0,0x0000,None
3615,0,0,0x0000,None
3616,0,0,0x0000,None
3617,0,0,0x0000,None
3618,0,0,0x0000,None
3619,0,0,0x0000,None
3620,0,0,0x0000,None
3621,0,0,0x0000,None
3622,0,0,0x0000,None
3623,0,0,0x0000,None
3624,0,0,0x0000,None
3625,0,0,0x0000,None
3626,0,0,0x0000,None
3627,0,0,0x0000,None
3628,0,0,0x0000,None
3629,0,0,0x0000,None
3630,0,0,0x0000,None
3631,0,0,0x0000,None
3632,0,0,0x0000,None
3633,0,0,0x0000,None
3634,0,0,0x0000,None
3635,0,0,0x0000,None
3636,0,0,0x0000,None
3637,0,0,0x0000,None
3638,0,0,0x0000,None
3639,0,0,0x0000,None
3640,0,0,0x0000,None
3641,0,0,0x0000,None
3642,0,0,0x0000,None
3643,0,0,0x0000,None
3644,0,0,0x0000,None
3645,0,0,0x0000,None
3646,0,0,0x0000,None
3647,0,0,0x0000,None
3648,0,0,0x0000,None
3649,0,0,0x0000,None
3650,0,0,0x0000,None
3651,0,0,0x0000,None
3652,0,0,0x0000,None
3653,0,0,0x0000,None
3654,0,0,0x0000,None
3655,0,0,0x0000,None
3656,0,0,0x0000,None
3657,0,0,0x0000,None
3658,0,0,0x0000,None
3659,0,0,0x0000,None
3660,0,0,0x0000,None
3661,0,0,0x0000,None
3662,0,0,0x0000,None
3663,0,0,0x0000,None
3664,0,0,0x0000,None
3665,0,0,0x0000,None
3666,0,0,0x0000,None
3667,0,0,0x0000,None
3668,0,0,0x0000,None
3669,0,0,0x0000,None
3670,0,0,0x0000,None
3671,0,0,0x0000,None
3672,0,0,0x0000,None
3673,0,0,0x0000,None
3674,0,0,0x0000,None
3675,0,0,0x0000,None
3676,0,0,0x0000,None
3677,0,0,0x0000,None
3678,0,0,0x0000,None
3679,0,0,0x0000,None
3680,0,0,0x0000,None
3681,0,0,0x0000,None
3682,0,0,0x0000,None
3683,0,0,0x0000,None
3684,0,0,0x0000,None
3685,0,0,0x0000,None
3686,0,0,0x0000,None
3687,0,0,0x0000,None
3688,0,0,0x0000,None
3689,0,0,0x0000,None
3690,0,0,0x0000,None
3691,0,0,0x0000,None
3692,0,0,0x0000,None
3693,0,0,0x0000,None
3694,0,0,0x0000,None
3695,0,0,0x0000,None
3696,0,0,0x0000,None
3697,0,0,0x0000,None
3698,0,0,0x0000,None
3699,0,0,0x0000,None
3700,0,0,0x0000,None
3701,0,0,0x0000,None
3702,0,0,0x0000,None
3703,0,0,0x0000,None
3704,0,0,0x0000,None
3705,0,0,0x0000,None
3706,0,0,0x0000,None
3707,0,0,0x0000,None
3708,0,0,0x0000,None
3709,0,0,0x0000,None
3710,0,0,0x0000,None
3711,0,0,0x0000,None
3712,0,0,0x0000,None
3713,0,0,0x0000,None
3714,0,0,0x0000,None
3715,0,0,0x0000,None
3716,0,0,0x0000,None
3717,0,0,0x0000,None
3718,0,0,0x0000,None
3719,0,0,0x0000,None
3720,0,0,0x0000,None
3721,0,0,0x0000,None
3722,0,0,0x0000,None
3723,0,0,0x0000,None
3724,0,0,0x0000,None
3725,0,0,0x0000,None
3726,0,0,0x0000,None
3727,0,0,0x0000,None
3728,0,0,0x0000,None
3729,0,0,0x0000,None
3730,0,0,0x0000,None
3731,0,0,0x0000,None
3732,0,0,0x0000,None
3733,0,0,0x0000,None
3734,0,0,0x0000,None
3735,0,0,0x0000,None
3736,0,0,0x0000,None
3737,0,0,0x0000,None
3738,0,0,0x0000,None
3739,0,0,0x0000,None
3740,0,0,0x0000,None
3741,0,0,0x0000,None
3742,0,0,0x0000,None
3743,0,0,0x0000,None
3744,0,0,0x0000,None
3745,0,0,0x0000,None
3746,0,0,0x0000,None
3747,0,0,0x0000,None
3748,0,0,0x0000,None
3749,0,0,0x0000,None
3750,0,0,0x0000,None
3751,0,0,0x0000,None
3752,0,0,0x0000,None
3753,0,0,0x0000,None
3754,0,0,0x0000,None
3755,0,0,0x0000,None
3756,0,0,0x0000,None
3757,0,0,0x0000,None
3758,0,0,0x0000,None
3759,0,0,0x0000,None
3760,0,0,0x0000,None
3761,0,0,0x0000,None
3762,0,0,0x0000,None
3763,0,0,0x0000,None
3764,0,0,0x0000,None
3765,0,0,0x0000,None
3766,0,0,0x0000,None
3767,0,0,0x0000,None
3768,0,0,0x0000,None
3769,0,0,0x0000,None
3770,0,0,0x0000,None
3771,0,0,0x0000,None
3772,0,0,0x0000,None
3773,0,0,0x0000,None
3774,0,0,0x0000,None
3775,0,0,0x0000,None
3776,0,0,0x0000,None
3777,0,0,0x0000,None
3778,0,0,0x0000,None
3779,0,0,0x0000,None
3780,0,0,0x0000,None
3781,0,0,0x0000,None
3782,0,0,0x0000,None
3783,0,0,0x0000,None
3784,0,0,0x0000,None
3785,0,0,0x0000,None
3786,0,0,0x0000,None
3787,0,0,0x0000,None
3788,0,0,0x0000,None
3789,0,0,0x0000,None
3790,0,0,0x0000,None
3791,0,0,0x0000,None
3792,0,0,0x0000,None
3793,0,0,0x0000,None
3794,0,0,0x0000,None
3795,0,0,0x0000,None
3796,0,0,0x0000,None
3797,0,0,0x0000,None
3798,0,0,0x0000,None
3799,0,0,0x0000,None
3800,0,0,0x0000,None
3801,0,0,0x0000,None
3802,0,0,0x0000,None
3803,0,0,0x0000,None
3804,0,0,0x0000,None
3805,0,0,0x0000,None
3806,0,0,0x0000,None
3807,0,0,0x0000,None
3808,0,0,0x0000,None
3809,0,0,0x0000,None
3810,0,0,0x0000,None
3811,0,0,0x0000,None
3812,0,0,0x0000,None
3813,0,0,0x0000,None
3814,0,0,0x0000,None
3815,0,0,0x0000,None
3816,0,0,0x0000,None
3817,0,0,0x0000,None
3818,0,0,0x0000,None
3819,0,0,0x0000,None
3820,0,0,0x0000,None
3821,0,0,0x0000,None
3822,0,0,0x0000,None
3823,0,0,0x0000,None
3824,0,0,0x0000,None
3825,0,0,0x0000,None
3826,0,0,0x0000,None
3827,0,0,0x0000,None
3828,0,0,0x0000,None
3829,0,0,0x0000,None
3830,0,0,0x0000,None
3831,0,0,0x0000,None
3832,0,0,0x0000,None
3833,0,0,0x0000,None
3834,0,0,0x0000,None
3835,0,0,0x0000,None
3836,0,0,0x0000,None
3837,0,0,0x0000,None
3838,0,0,0x0000,None
3839,0,0,0x0000,None
3840,0,0,0x0000,None
3841,0,0,0x0000,None
3842,0,0,0x0000,None
3843,0,0,0x0000,None
3844,0,0,0x0000,None
3845,0,0,0x0000,None
3846,0,0,0x0000,None
3847,0,0,0x0000,None
3848,0,0,0x0000,None
3849,0,0,0x0000,None
3850,0,0,0x0000,None
3851,0,0,0x0000,None
3852,0,0,0x0000,None
3853,0,0,0x0000,None
3854,0,0,0x0000,None
3855,0,0,0x0000,None
3856,0,0,0x0000,None
3857,0,0,0x0000,None
3858,0,0,0x0000,None
3859,0,0,0x0000,None
3860,0,0,0x0000,None
3861,0,0,0x0000,None
3862,0,0,0x0000,None
3863,0,0,0x0000,None
3864,0,0,0x0000,None
3865,0,0,0x0000,None
3866,0,0,0x0000,None
3867,0,0,0x0000,None
3868,0,0,0x0000,None
3869,0,0,0x0000,None
3870,0,0,0x0000,None
3871,0,0,0x0000,None
3872,0,0,0x0000,None
3873,0,0,0x0000,None
3874,0,0,0x0000,None
3875,0,0,0x0000,None
3876,0,0,0x0000,None
3877,0,0,0x0000,None
3878,0,0,0x0000,None
3879,0,0,0x0000,None
3880,0,0,0x0000,None
3881,0,0,0x0000,None
3882,0,0,0x0000,None
3883,0,0,0x0000,None
3884,0,0,0x0000,None
3885,0,0,0x0000,None
3886,0,0,0x0000,None
3887,0,0,0x0000,None
3888,0,0,0x0000,None
3889,0,0,0x0000,None
3890,0,0,0x0000,None
3891,0,0,0x0000,None
3892,0,0,0x0000,None
3893,0,0,0x0000,None
3894,0,0,0x0000,None
3895,0,0,0x0000,None
3896,0,0,0x0000,None
3897,0,0,0x0000,None
3898,0,0,0x0000,None
3899,0,0,0x0000,None
3900,0,0,0x0000,None
3901,0,0,0x0000,None
3902,0,0,0x0000,None
3903,0,0,0x0000,None
3904,0,0,0x0000,None
3905,0,0,0x0000,None
3906,0,0,0x0000,None
3907,0,0,0x0000,None
3908,0,0,0x0000,None
3909,0,0,0x0000,None
3910,0,0,0x0000,None
3911,0,0,0x0000,None
3912,0,0,0x0000,None
3913,0,0,0x0000,None
3914,0,0,0x0000,None
3915,0,0,0x0000,None
3916,0,0,0x0000,None
3917,0,0,0x0000,None
3918,0,0,0x0000,None
3919,0,0,0x0000,None
3920,0,0,0x0000,None
3921,0,0,0x0000,None
3922,0,0,0x0000,None
3923,0,0,0x0000,None
3924,0,0,0x0000,None
3925,0,0,0x0000,None
3926,0,0,0x0000,None
3927,0,0,0x0000,None
3928,0,0,0x0000,None
3929,0,0,0x0000,None
3930,0,0,0x0000,None
3931,0,0,0x0000,None
3932,0,0,0x0000,None
3933,0,0,0x0000,None
3934,0,0,0x0000,None
3935,0,0,0x0000,None
3936,0,0,0x0000,None
3937,0,0,0x0000,None
3938,0,0,0x0000,None
3939,0,0,0x0000,None
3940,0,0,0x0000,None
3941,0,0,0x0000,None
3942,0,0,0x0000,None
3943,0,0,0x0000,None
3944,0,0,0x0000,None
3945,0,0,0x0000,None
3946,0,0,0x0000,None
3947,0,0,0x0000,None
3948,0,0,0x0000,None
3949,0,0,0x0000,None
3950,0,0,0x0000,None
3951,0,0,0x0000,None
3952,0,0,0x0000,None
3953,0,0,0x0000,None
3954,0,0,0x0000,None
3955,0,0,0x0000,None
3956,0,0,0x0000,None
3957,0,0,0x0000,None
3958,0,0,0x0000,None
3959,0,0,0x0000,None
3960,0,0,0x0000,None
3961,0,0,0x0000,None
3962,0,0,0x0000,None
3963,0,0,0x0000,None
3964,0,0,0x0000,None
3965,0,0,0x0000,None
3966,0,0,0x0000,None
3967,0,0,0x0000,None
3968,0,0,0x0000,None
3969,0,0,0x0000,None
3970,0,0,0x0000,None
3971,0,0,0x0000,None
3972,0,0,0x0000,None
3973,0,0,0x0000,None
3974,0,0,0x0000,None
3975,0,0,0x0000,None
3976,0,0,0x0000,None
3977,0,0,0x0000,None
3978,0,0,0x0000,None
3979,0,0,0x0000,None
3980,0,0,0x0000,None
3981,0,0,0x0000,None
3982,0,0,0x0000,None
3983,0,0,0x0000,None
3984,0,0,0x0000,None
3985,0,0,0x0000,None
3986,0,0,0x0000,None
3987,0,0,0x0000,None
3988,0,0,0x0000,None
3989,0,0,0x0000,None
3990,0,0,0x0000,None
3991,0,0,0x0000,None
3992,0,0,0x0000,None
3993,0,0,0x0000,None
3994,0,0,0x0000,None
3995,0,0,0x0000,None
3996,0,0,0x0000,None
3997,0,0,0x0000,None
3998,0,0,0x0000,None
3999,0,0,0x0000,None
4000,0,0,0x0000,None
4001,0,0,0x0000,None
4002,0,0,0x0000,None
4003,0,0,0x0000,None
4004,0,0,0x0000,None
4005,0,0,0x0000,None
4006,0,0,0x0000,None
4007,0,0,0x0000,None
4008,0,0,0x0000,None
4009,0,0,0x0000,None
4010,0,0,0x0000,None
4011,0,0,0x0000,None
4012,0,0,0x0000,None
4013,0,0,0x0000,None
4014,0,0,0x0000,None
4015,0,0,0x0000,None
4016,0,0,0x0000,None
4017,0,0,0x0000,None
4018,0,0,0x0000,None
4019,0,0,0x0000,None
4020,0,0,0x0000,None
4021,0,0,0x0000,None
4022,0,0,0x0000,None
4023,0,0,0x0000,None
4024,0,0,0x0000,None
4025,0,0,0x0000,None
4026,0,0,0x0000,None
4027,0,0,0x0000,None
4028,0,0,0x0000,None
4029,0,0,0x0000,None
4030,0,0,0x0000,None
4031,0,0,0x0000,None
4032,0,0,0x0000,None
4033,0,0,0x0000,None
4034,0,0,0x0000,None
4035,0,0,0x0000,None
4036,0,0,0x0000,None
4037,0,0,0x0000,None
4038,0,0,0x0000,None
4039,0,0,0x0000,None
4040,0,0,0x0000,None
4041,0,0,0x0000,None
4042,0,0,0x0000,None
4043,0,0,0x0000,None
4044,0,0,0x0000,None
4045,0,0,0x0000,None
4046,0,0,0x0000,None
4047,0,0,0x0000,None
4048,0,0,0x0000,None
4049,0,0,0x0000,None
4050,0,0,0x0000,None
4051,0,0,0x0000,None
4052,0,0,0x0000,None
4053,0,0,0x0000,None
4054,0,0,0x0000,None
4055,0,0,0x0000,None
4056,0,0,0x0000,None
4057,0,0,0x0000,None
4058,0,0,0x0000,None
4059,0,0,0x0000,None
4060,0,0,0x0000,None
4061,0,0,0x0000,None
4062,0,0,0x0000,None
4063,0,0,0x0000,None
4064,0,0,0x0000,None
4065,0,0,0x0000,None
4066,0,0,0x0000,None
4067,0,0,0x0000,None
4068,0,0,0x0000,None
4069,0,0,0x0000,None
4070,0,0,0x0000,None
4071,0,0,0x0000,None
4072,0,0,0x0000,None
4073,0,0,0x0000,None
4074,0,0,0x0000,None
4075,0,0,0x0000,None
4076,0,0,0x0000,None
4077,0,0,0x0000,None
4078,0,0,0x0000,None
4079,0,0,0x0000,None
4080,0,0,0x0000,None
4081,0,0,0x0000,None
4082,0,0,0x0000,None
4083,0,0,0x0000,None
4084,0,0,0x0000,None
4085,0,0,0x0000,None
4086,0,0,0x0000,None
4087,0,0,0x0000,None
4088,0,0,0x0000,None
4089,0,0,0x0000,None
4090,0,0,0x0000,None
4091,0,0,0x0000,None
4092,0,0,0x0000,None
4093,0,0,0x0000,None
4094,0,0,0x0000,None
4095,0,0,0x0000,None
4096,0,0,0x0000,None
4097,0,0,0x0000,None
4098,0,0,0x0000,None
4099,0,0,0x0000,None
4100,0,0,0x0000,None
4101,0,0,0x0000,None
4102,0,0,0x0000,None
4103,0,0,0x0000,None
4104,0,0,0x0000,None
4105,0,0,0x0000,None
4106,0,0,0x0000,None
4107,0,0,0x0000,None
4108,0,0,0x0000,None
4109,0,0,0x0000,None
4110,0,0,0x0000,None
4111,0,0,0x0000,None
4112,0,0,0x0000,None
4113,0,0,0x0000,None
4114,0,0,0x0000,None
4115,0,0,0x0000,None
4116,0,0,0x0000,None
4117,0,0,0x0000,None
4118,0,0,0x0000,None
4119,0,0,0x0000,None
4120,0,0,0x0000,None
4121,0,0,0x0000,None
4122,0,0,0x0000,None
4123,0,0,0x0000,None
4124,0,0,0x0000,None
4125,0,0,0x0000,None
4126,0,0,0x0000,None
4127,0,0,0x0000,None
4128,0,0,0x0000,None
4129,0,0,0x0000,None
4130,0,0,0x0000,None
4131,0,0,0x0000,None
4132,0,0,0x0000,None
4133,0,0,0x0000,None
4134,0,0,0x0000,None
4135,0,0,0x0000,None
4136,0,0,0x0000,None
4137,0,0,0x0000,None
4138,0,0,0x0000,None
4139,0,0,0x0000,None
4140,0,0,0x0000,None
4141,0,0,0x0000,None
4142,0,0,0x0000,None
4143,0,0,0x0000,None
4144,0,0,0x0000,None
4145,0,0,0x0000,None
4146,0,0,0x0000,None
4147,0,0,0x0000,None
4148,0,0,0x0000,None
4149,0,0,0x0000,None
4150,0,0,0x0000,None
4151,0,0,0x0000,None
4152,0,0,0x0000,None
4153,0,0,0x0000,None
4154,0,0,0x0000,None
4155,0,0,0x0000,None
4156,0,0,0x0000,None
4157,0,0,0x0000,None
4158,0,0,0x0000,None
4159,0,0,0x0000,None
4160,0,0,0x0000,None
4161,0,0,0x0000,None
4162,0,0,0x0000,None
4163,0,0,0x0000,None
4164,0,0,0x0000,None
4165,0,0,0x0000,None
4166,0,0,0x0000,None
4167,0,0,0x0000,None
4168,0,0,0x0000,None
4169,0,0,0x0000,None
4170,0,0,0x0000,None
4171,0,0,0x0000,None
4172,0,0,0x0000,None
4173,0,0,0x0000,None
4174,0,0,0x0000,None
4175,0,0,0x0000,None
4176,0,0,0x0000,None
4177,0,0,0x0000,None
4178,0,0,0x0000,None
4179,0,0,0x0000,None
4180,0,0,0x0000,None
4181,0,0,0x0000,None
4182,0,0,0x0000,None
4183,0,0,0x0000,None
4184,0,0,0x0000,None
4185,0,0,0x0000,None
4186,0,0,0x0000,None
4187,0,0,0x0000,None
4188,0,0,0x0000,None
4189,0,0,0x0000,None
4190,0,0,0x0000,None
4191,0,0,0x0000,None
4192,0,0,0x0000,None
4193,0,0,0x0000,None
4194,0,0,0x0000,None
4195,0,0,0x0000,None
4196,0,0,0x0000,None
4197,0,0,0x0000,None
4198,0,0,0x0000,None
4199,0,0,0x0000,None
4200,0,0,0x0000,None
4201,0,0,0x0000,None
4202,0,0,0x0000,None
4203,0,0,0x0000,None
4204,0,0,0x0000,None
4205,0,0,0x0000,None
4206,0,0,0x0000,None
4207,0,0,0x0000,None
4208,0,0,0x0000,None
4209,0,0,0x0000,None
4210,0,0,0x0000,None
4211,0,0,0x0000,None
4212,0,0,0x0000,None
4213,0,0,0x0000,None
4214,0,0,0x0000,None
4215,0,0,0x0000,None
4216,0,0,0x0000,None
4217,0,0,0x0000,None
4218,0,0,0x0000,None
4219,0,0,0x0000,None
4220,0,0,0x0000,None
4221,0,0,0x0000,None
4222,0,0,0x0000,None
4223,0,0,0x0000,None
4224,0,0,0x0000,None
4225,0,0,0x0000,None
4226,0,0,0x0000,None
4227,0,0,0x0000,None
4228,0,0,0x0000,None
4229,0,0,0x0000,None
4230,0,0,0x0000,None
4231,0,0,0x0000,None
4232,0,0,0x0000,None
4233,0,0,0x0000,None
4234,0,0,0x0000,None
4235,0,0,0x0000,None
4236,0,0,0x0000,None
4237,0,0,0x0000,None
4238,0,0,0x0000,None
4239,0,0,0x0000,None
4240,0,0,0x0000,None
4241,0,0,0x0000,None
4242,0,0,0x0000,None
4243,0,0,0x0000,None
4244,0,0,0x0000,None
4245,0,0,0x0000,None
4246,0,0,0x0000,None
4247,0,0,0x0000,None
